timestep,mse,res_ones_norm,res_ortho_norm,residual_norm
0,2426.123779296875,1400.401611328125,681.9086303710938,1557.6019287109375
10,2117.748046875,1322.559326171875,607.1129150390625,1455.2484130859375
20,197.5187225341797,83.77071380615234,436.4643859863281,444.4307861328125
30,125.74990844726562,1.4309157133102417,354.60943603515625,354.6123352050781
40,140.9144287109375,153.0777587890625,342.7559509277344,375.3857116699219
50,138.05599975585938,57.181617736816406,367.13250732421875,371.5588684082031
60,146.94224548339844,21.31089210510254,382.73760986328125,383.3304443359375
70,134.38931274414062,41.94587707519531,364.183837890625,366.59149169921875
80,146.89022827148438,11.812397956848145,383.0805358886719,383.2626037597656
90,225.80810546875,255.0594024658203,400.9397888183594,475.19268798828125
100,154.52175903320312,41.258113861083984,390.9213562011719,393.0925598144531
110,144.26290893554688,51.612117767333984,376.2965393066406,379.819580078125
120,148.50794982910156,0.9692585468292236,385.3660583496094,385.3672790527344
130,140.2762451171875,64.26588439941406,368.9798583984375,374.5346984863281
140,156.809814453125,123.97430419921875,376.0853576660156,395.9921875
150,144.7256622314453,24.513469696044922,379.6376647949219,380.4282531738281
160,187.237548828125,196.37429809570312,385.58355712890625,432.70953369140625
170,169.36293029785156,155.75233459472656,380.9253234863281,411.5372619628906
180,155.81265258789062,63.38629150390625,389.6085510253906,394.7311096191406
190,181.97288513183594,163.69471740722656,393.9250183105469,426.5827941894531
200,152.55105590820312,56.28951644897461,386.5003662109375,390.5778503417969
210,172.0896453857422,144.35462951660156,388.9105224609375,414.8368835449219
220,176.52072143554688,141.87069702148438,395.466064453125,420.1436767578125
230,158.12716674804688,87.55030059814453,387.8944091796875,397.6520690917969
240,157.91659545898438,26.727712631225586,396.4873352050781,397.38720703125
250,180.2700958251953,153.62547302246094,395.8147277832031,424.5822448730469
260,159.80813598632812,29.58861541748047,398.66357421875,399.76007080078125
270,156.71595764160156,12.935256958007812,395.6622619628906,395.8736572265625
280,148.7489471435547,10.852144241333008,385.5271301269531,385.6798400878906
290,187.8874053955078,164.88368225097656,400.8749694824219,433.45977783203125
300,158.5569610595703,17.842510223388672,397.7921447753906,398.1921081542969
