timestep,mse,res_ones_norm,res_ortho_norm,residual_norm
0,19.976134290154917,121.1592774000303,72.77749507957411,141.33695302416461
10,4.5806957961738,30.352364332051252,60.49322090638111,67.68083773250594
20,3.0524576619688544,13.138246121693312,53.6641794012977,55.24905123139088
30,2.588609031491271,7.34971697076857,50.34471861020646,50.8783748904313
40,2.470290864149812,10.422823695724249,48.596868318418025,49.70202072501491
50,2.3370268428143417,10.548752326469382,47.17786204534018,48.34280549176208
60,2.2073844255874473,8.71343774152256,46.16774229169169,46.982809894550236
70,2.2094324115827138,12.975358404036843,45.178230220643925,47.00459989812394
80,2.150152448875851,12.55867352263385,44.63666842661698,46.36973634684428
90,2.041775490956721,9.929602492475096,44.081498219753755,45.186009903029955
100,2.0317050864543966,11.044008666277248,43.70051440239106,45.074439391459954
110,1.9984710682803208,10.834952933842569,43.3713599418065,44.70426230551535
120,1.9502004875201946,10.08114815522638,42.99501063370691,44.16107434744081
130,1.9398279264053062,10.895249927952722,42.67459965146425,44.043477682913576
140,1.9125409501656403,10.651533037508104,42.41563148317507,43.732607401864804
150,1.872403929777567,9.569777508080351,42.19980199270379,43.27128296893411
160,1.8730234338532559,10.672886765920708,41.941780147426876,43.278440751178366
170,1.8180806093284065,8.891739216496637,41.70152974453362,42.638956475603464
180,1.8048815913065663,9.140935661280539,41.48885255755931,42.48389802391686
190,1.7900748760954668,9.165198527316251,41.30464879466169,42.30927647804281
200,1.798276594350364,10.132558752638634,41.17775913614885,42.40609147693718
210,1.7824740418705312,10.035368701299435,41.00933329011228,42.219356246519574
220,1.7794386404564402,10.489607629535849,40.858374566725274,42.18339294623466
230,1.7497693817665863,9.299470240633985,40.78344314804907,41.830244820782326
240,1.7186052934659974,8.17624825494942,40.64177970930203,41.456064616241584
250,1.7113129536712517,8.63320702865971,40.45714634117874,41.368018488577036
260,1.7129704137006563,9.424327406647116,40.30077501280809,41.388046749039226
270,1.707182336124241,9.822611351520193,40.13351021728884,41.318063073240026
280,1.6913201596725935,9.448185634903075,40.02564113016811,41.125663030188264
290,1.6570561587715105,7.702932234147493,39.97150227058826,40.706954673268186
300,1.657880654715719,8.7014373885409,39.77644582022156,40.71708062614164
