timestep,mse,res_ones_norm,res_ortho_norm,residual_norm
0,2441.846358990734,1403.528352472541,686.9894633809517,1562.6408285305788
10,439.6541286178737,88.91060944891278,657.0761235544147,663.0641964530084
20,413.99247589761364,97.25527637707157,636.0297847698903,643.4224707745399
30,381.10243436895826,21.72472534470643,616.9525676076366,617.3349450411488
40,376.641856511736,128.27539890837778,600.1560451637828,613.711541778168
50,342.20103441818367,10.126777595173118,584.8918556397597,584.979516238119
60,331.127393829876,65.00360044833677,571.7533784409402,575.4366983690526
70,329.30375930465584,116.22837440192016,561.9561586890413,573.849944937399
80,308.0076490366944,66.8977784823946,550.937688192426,554.9843682813907
90,297.39930215516347,44.40235433107087,543.5326421522645,545.3432883562092
100,287.94069076282125,9.149079040728173,536.5230518025555,536.6010536355861
110,297.38479914564243,128.12876822436175,530.0639752887855,545.3299910564634
120,297.5134974837901,146.3580700710222,525.4453471188757,545.4479787145517
130,271.63510387936304,33.234100091891186,520.125560293325,521.18624682484
140,268.40922482960383,39.82869112888311,516.5490298050746,518.0822568179727
150,268.46365672724727,71.57970623859921,513.166641922527,518.1347862547422
160,264.1241291589674,61.68429906491582,510.21483358271485,513.9300819751334
170,268.7783167112482,103.54599575069419,507.9926608478171,518.4383441753206
180,259.52436459499995,59.968443188072776,505.89341804039987,509.43533897345594
190,254.3103713272274,8.487979622417905,504.22051280085464,504.29195048823397
200,256.6400534021803,61.75114388829355,502.81890341420876,506.5965390744199
210,252.16140141037994,27.096274574635615,501.42516222718217,502.1567498405054
220,256.04435781603934,78.0552375842468,499.95173537223184,506.0082586441049
230,259.38997159977765,101.85364293482469,499.014836473509,509.30341801305207
240,253.1837669947485,71.19894606896612,498.11090840636786,503.1736946569728
250,256.1620321722569,94.62825096134249,497.1996845254973,506.1245223976575
260,252.24425245022,76.38284589041137,496.39693119911783,502.239238262225
270,245.9246929837639,13.522119320886237,495.7235573107613,495.90794809497044
280,252.00557021133244,82.2193381897332,495.2227283142149,502.0015639530742
290,245.1679338439862,16.050852987262864,494.8841318554955,495.1443565708754
300,252.10409884058407,88.31439302657216,494.2718551818748,502.0996901418921
