timestep,mse,res_ones_norm,res_ortho_norm,residual_norm
0,76.53923242694773,27.26281324349565,9.933306133745374,29.016056877122796
10,5.408338213448643,1.7270648868894545,7.51724465641558,7.713087601469017
20,5.585113976363876,4.818830580104375,6.18183836574959,7.83812820385088
30,2.313327664084035,0.15530201286860604,5.042071557378311,5.044462736994336
40,2.1347501462774585,0.2069176782080141,4.841429198438933,4.845848904892933
50,2.352538570045245,2.1746286930854515,4.598794876672273,5.087034919331466
60,2.8554836804119046,3.762618810315424,4.153675501624012,5.604491099513938
70,9.28080761664933,9.32554664686126,3.888838325304532,10.1039043831156
80,1.5508285833507391,0.3820418878753268,4.112561052770741,4.130268080507381
90,1.600717643968215,1.1720514521011822,4.029167342923086,4.1961761263858275
100,2.952044519115053,3.980523049887466,4.0777353959741145,5.69846380266345
110,1.4683621654790726,1.2228526114639218,3.828395918776644,4.018953075151512
120,1.7447308595168456,2.262240875523809,3.7515737598765893,4.380871997066943
130,1.3658787990851189,0.61891800453997,3.8264353246321265,3.876166506993257
140,1.3766354842702673,0.3705764378502374,3.8737144229644973,3.8913995331979137
150,2.5938639208643024,3.6614221034212684,3.8892790218863844,5.341582455556343
160,1.6440469036078296,1.7982519442675757,3.853674335569108,4.252589321776337
170,1.62769715633842,1.0450401945351913,4.100312148060007,4.2313908729544965
180,1.4273889544152343,0.04240750486316954,3.962256945491907,3.962483879912646
190,2.8078786215148472,3.7888480542679885,4.06586955746652,5.557577245226855
200,1.4382863132837014,0.7969901018962197,3.8969162453920108,3.9775808534988593
210,1.3229133678456784,0.32009108789519464,3.8012614671648848,3.814714543226329
220,1.6702640374054316,1.8037276154789388,3.888376409327987,4.2863626084898305
230,3.7366066305245393,5.163001390196562,3.800801176146722,6.411136633684384
240,1.5054642780224523,0.8939049518610859,3.9700177575528808,4.069411143918365
250,1.3584567774709566,0.19931413096967981,3.8604790414372574,3.8656208495118247
260,5.020489201142749,6.287370256360194,3.9616103382346166,7.431378150287485
270,1.4972830091440037,1.4477813167538836,3.7913114300255564,4.058338711909596
280,1.8857862391938296,2.5569957568305397,3.7690080035312663,4.554519582912354
290,1.5933757049789596,0.35943085029682675,4.17108405796664,4.186541861103094
300,1.6521843393126174,0.9434764298952922,4.157388598467892,4.2631007180735
