timestep,mse,res_ones_norm,res_ortho_norm,residual_norm
0,2207.0971352570095,1334.503377006091,652.8383199662441,1485.6302148438585
10,69.23317039547236,13.579748707526047,262.7713089751482,263.12196866752186
20,64.70807957029174,115.67055002813285,226.5577264771188,254.3778283779696
30,63.93022961925705,135.39173585171815,213.53994352887614,252.84427938803964
40,60.62335767124228,123.29491006637798,213.12372656033872,246.21810995790355
50,60.4169310969624,112.8582832708613,218.3573653305893,245.79855796355355
60,58.574998754798024,113.656737829358,213.67532543741825,242.02272363312917
70,58.739825613523536,110.76488697309154,215.57125371292392,242.36300380529107
80,56.39550865210657,106.51979154288189,212.247597540626,237.47738555935504
90,54.11828425954876,98.97807858628286,210.52701541350075,232.63336875768437
100,54.19630328990905,98.47782046641188,210.94649123911546,232.80099503633795
110,59.67829404445986,117.55201505349234,214.14905510256958,244.29141213816717
120,53.18173848707782,90.51572502988056,212.10526162590327,230.61166164588863
130,54.709426324519086,87.70370697338774,216.83515883648857,233.90046242904072
140,60.03092484907166,104.67833944614476,221.5251003833862,245.0120912303547
150,56.51116437758795,90.19572537455689,219.94521022687778,237.72076976483976
160,65.91371464543921,113.25711836495513,230.40516440632518,256.7366640069922
170,63.52886252371486,117.72938510177983,222.86465490802186,252.04932557679032
180,52.30577371932945,79.02282248296683,214.61865540105072,228.70455552815176
190,56.521556781359195,94.26087299693833,218.2577480943443,237.74262718612158
200,58.15775220914216,104.83713093178218,217.179483808058,241.1591843765071
210,67.94348826931648,134.2585310983904,223.42366727054457,260.659717389006
220,59.46777631944008,94.9645523526691,224.6096839316979,243.860157302172
230,61.52770167841755,107.58776642179771,223.50072526680145,248.04778103909246
240,61.81081944348118,111.3380335984054,222.29408835576692,248.61781803298246
250,59.91674397888321,90.68293300780851,227.36171542276975,244.77896964176315
260,62.336554830005596,116.03566770068167,221.0707548529714,249.67289566551992
270,58.91120438495982,105.98107771805486,218.3557087659478,242.716304324534
280,58.82334083146799,94.61554382869731,223.31869536039264,242.53523626778025
290,55.765185111636725,83.02537096517085,221.07006330060275,236.1465331349091
300,56.992098327473606,100.87411332256562,216.37123558564755,238.73017892062495
