timestep,mse,res_ones_norm,res_ortho_norm,residual_norm
0,29.32060212556165,59.69510686291226,3.688858352391243,59.80897473890119
10,2.0915345714396474,13.774562319357504,8.088797847997782,15.973954354374404
20,0.6754462657765398,4.5416724243212805,7.859876335852715,9.077689376969111
30,0.6740412273967292,5.277188517637229,7.374571925998061,9.068242924756756
40,0.4921889369368308,2.6122151537989997,7.295435716703714,7.749003181461043
50,0.4734442444123281,2.953645767615064,7.00258341597968,7.600013014350964
60,0.4241802440305286,2.6450578866233503,6.689817527267548,7.193746574054752
70,0.4222136733114925,2.884127136506187,6.57205286074836,7.177051493754387
80,0.3979745811663963,2.8848306026438433,6.342763695452474,6.9679910234084215
90,0.36016225626841625,1.8097247985871492,6.376887282846191,6.628709924619328
100,0.35799615615995795,2.380077473133967,6.165286876812392,6.608746556762097
110,0.3322136655159737,1.8784762338109684,6.082877134379434,6.3663228941790875
120,0.34015244544380413,2.4569627154434786,5.954992238371491,6.441940572851018
130,0.3175138797461652,2.0096212390629553,5.890510657365729,6.2238808896886955
140,0.3007470539076206,1.8444459194586647,5.769675885777466,6.057321237703158
150,0.2925148092944384,1.6127645220108435,5.752025498071495,5.973843547827603
160,0.28263677078850336,1.2546637690748035,5.736506329009706,5.872110867158199
170,0.28112316751413485,1.2692030916389632,5.717180244569744,5.8563663168149285
180,0.28092457027788303,1.4233376889382992,5.678636050773945,5.854297359538694
190,0.2810683427578092,1.5119280680820142,5.65724414652563,5.855795233480481
200,0.27887398453368695,1.497998616156476,5.637253432222388,5.832891745361798
210,0.27138999128207647,1.3075065931487524,5.603570776325206,5.754092364258097
220,0.26231572474434456,0.8534631325707144,5.592326805557112,5.657076843990192
230,0.2630323894294887,1.1398562437123791,5.548934965745006,5.664799335404354
240,0.26081365782909866,1.14089388313874,5.524276188114298,5.640856872421958
250,0.259800923927698,1.1029830497568696,5.520791710536469,5.629894556666151
260,0.257240779066319,0.9923081968049875,5.513501563312062,5.602086668919976
270,0.26098898479119287,1.425196514304475,5.459805036825023,5.64275253263206
280,0.2558419792588103,1.0611822662618038,5.4851265862645615,5.586834655650269
290,0.2575931070184143,1.3609467200325767,5.438215063923007,5.605921784706467
300,0.2510538787907593,0.9190881036122555,5.457458224326692,5.534308738448971
