timestep,mse,res_ones_norm,res_ortho_norm,residual_norm
0,190.16102966741823,387.34456593403434,200.31279766603208,436.07456892992303
10,49.97348093223848,197.4608885150222,104.79827498149218,223.54749144698198
20,18.575412473782134,102.02586089397856,90.36667628404112,136.29164491553448
30,11.01881496098682,54.20048771415398,89.89506155810044,104.97054330137965
40,8.141220994253137,23.863455781560493,87.0158403534359,90.22871490968458
50,7.157798527090414,11.571271181914145,83.80873588311076,84.60377371660448
60,6.56468742644208,3.1617160701495015,80.96104605261618,81.02275869434514
70,6.188406039647105,0.5611093369935889,78.66442141120116,78.66642256799977
80,5.922694417540392,3.4354516240961246,76.88232625043865,76.95904376706088
90,5.7294287742829,5.96233246686762,75.45779857534565,75.69299025856292
100,5.601025082567196,7.706599051713426,74.44214809920067,74.83999654307311
110,5.4027778478655515,7.434133317945033,73.12668124341874,73.50359071409744
120,5.344396419555236,10.370196930758473,72.36612076913148,73.1053788688304
130,5.282130211775798,11.53301028025055,71.75736816279867,72.6782650575521
140,5.230895158586019,12.117633388521929,71.3025814374725,72.32492764314404
150,5.095000031488898,11.206400307977098,70.49408928148705,71.37926891954623
160,5.113445269341182,11.640407596155057,70.55456172591931,71.50835803835228
170,4.979615736165819,8.99789170561461,69.99038277520599,70.56639239868947
180,4.995708906047748,9.084865546994417,70.09403772105573,70.68032898938536
190,5.041481272772233,10.023595695555034,70.29230969390808,71.00338916398451
200,4.860937451057103,8.46307257376003,69.20486871361273,69.72042348592772
210,4.840507938454122,8.536598510397566,69.04805880201413,69.57375897890039
220,4.824899604257055,8.680044177099534,68.91702574357555,69.46149727911899
230,4.9110414461705965,9.013442534232139,69.4967574772571,70.07882309350376
240,4.8470649054665085,8.62466267153729,69.08458655350482,69.62086544611829
250,4.844083663340345,9.496496554352879,68.94853309921473,69.59945160229601
260,4.691382356253591,6.361619335007063,68.1975964069853,68.49366654117438
270,4.746769677610722,8.061937604713606,68.42349625434545,68.89680455297416
280,4.642430676992577,7.117366951205261,67.76262808270107,68.13538491116475
290,4.593747720942889,5.910264543027869,67.51900839004017,67.77719174577011
300,4.615025393780292,7.226106263281618,67.54856609915605,67.93397819780829
