timestep,mse,res_ones_norm,res_ortho_norm,residual_norm
0,1142.7354679153368,957.3295436466101,475.6633397443088,1068.9880578918255
10,111.46894860832907,95.81239051913212,319.82641296700064,333.8696581127567
20,99.8336154221156,96.02160824236753,301.02070721574097,315.9645793789481
30,89.87805875810156,61.02895040260616,293.5192088618014,299.7966957091114
40,87.40438287051597,69.53575020569156,287.34850323926804,295.6423225292955
50,84.00140722368883,54.79479993459063,284.6031221259123,289.8299626051262
60,81.63898185117272,53.61510674993555,280.64996379719304,285.7253608820413
70,80.45982400392741,55.56853845686997,278.15815921467185,283.654409456168
80,79.14185156803609,58.63630312957732,275.14293653178237,281.32161589191134
90,79.62578984340519,71.53271226449203,272.96311274509344,282.1804207300804
100,77.3135366962967,56.76862156109331,272.19636349949656,278.0531184797191
110,76.47733988986805,41.79928254747163,273.3681764002253,276.54536678430907
120,74.92230091911823,45.124225639019926,269.97426762489243,273.7193835283103
130,74.37539475548232,50.31428329823035,268.03706395136425,272.7185266084472
140,72.29620433122074,30.045649171091956,267.19555253991115,268.87953498029697
150,71.7846065814613,18.75830288485074,267.26902673961587,267.92649473589074
160,70.74280191505909,33.50337557192279,263.85663861336855,265.97519041267566
170,70.35983712320055,22.437875785664673,264.30357328917745,265.25428766223655
180,69.34984752541567,14.668411909450214,262.9347546777915,263.3435921480066
190,68.76469741751764,35.55581134976754,259.808548159558,262.23023742032046
200,67.84331604821953,42.70389367768749,256.9429771622184,260.4674951855213
210,66.71039152820971,31.96684697421379,256.2977023360469,258.28354869834374
220,66.17671530439988,29.511775766450906,255.54993718549528,257.2483533560514
230,66.20688222832008,38.216127752117515,254.4531583768492,257.30698052777365
240,65.19306634632211,26.795125256279345,253.91945102497047,255.3293291933422
250,65.15151568070495,25.01891155315727,254.01883738297875,255.24794941527924
260,65.72272959430106,23.55183375965843,255.28031792689868,256.36444682190444
270,64.19866084122914,29.77732044226897,251.61870365397633,253.3745465535738
280,64.67439426871438,25.678484871375126,253.01187656595283,254.31160859998974
290,65.13271730513912,19.12904741992705,254.4932157247916,255.2111230043454
300,63.56172164531328,31.27643387286025,250.1669569098003,252.11450106115134
