timestep,mse,res_ones_norm,res_ortho_norm,residual_norm
0,80.57921321817687,249.79803028167717,134.8338135838751,283.8647798128131
10,9.113735177773744,75.83579233020512,57.988514202587915,95.46588488970154
20,3.612198733438025,32.56950193794043,50.511644963835025,60.10157014120367
30,2.52460989443856,18.60327129546546,46.674706121687265,50.24549626024764
40,2.007196500806065,11.142475164324376,43.39402894429693,44.80174662673393
50,1.6706696824109604,6.694632416267406,40.32184989831223,40.87382637349922
60,1.4905702758376183,0.8772402056774852,38.59793680313964,38.60790431812659
70,1.4097239792420442,1.0261708405566985,37.53226548781775,37.54629115161768
80,1.3046161130696425,1.2694733428597083,36.09715432691906,36.11946999984416
90,1.2962964830776496,3.1029010186478208,35.87016153220004,36.00411758504365
100,1.2595813913649223,3.258205889720134,35.3407057901383,35.49058172762067
110,1.302948064482366,3.1849687998614993,35.955584242594014,36.096371901928954
120,1.242313251209384,2.0892699899215925,35.18448808947768,35.24646437884776
130,1.300659648887479,4.977571286410268,35.71951053662666,36.06465927868277
140,1.3707617922088917,5.623431014183391,36.59424566564547,37.023800348004414
150,1.344879112304289,5.97432206686777,36.18268353985959,36.67259347665895
160,1.2974288255684623,5.375194276776956,35.61651459723939,36.01983933290739
170,1.2803362597923862,4.3442181065576735,35.51709488169102,35.78178670486406
180,1.2671239696498242,5.063856937719854,35.23466081238942,35.596684812631416
190,1.254722980406934,5.5305500789136985,34.987654911862286,35.422069115269565
200,1.2371824366925994,3.622343239815001,34.98658408798387,35.17360426076065
210,1.2791516628298218,5.587606960332668,35.32605711492104,35.765229802558544
220,1.3588606822219085,8.228197427597912,35.932679406278346,36.86272754723812
230,1.3003698352923643,4.25105737768883,35.80919360253679,36.060641082659146
240,1.233532292446812,0.660556080353822,35.11546608136534,35.12167838311279
250,1.345103441847665,6.294599315923179,36.131446985965624,36.67565189397
260,1.3040575507107606,4.856438414636033,35.78369121032105,36.1117370215109
270,1.280869162227587,3.8396738780655637,35.58266525624082,35.789232490060286
280,1.3282795918255972,7.369693821772829,35.69267718732962,36.445570263416066
290,1.2914521939169297,5.149302142366771,35.565951152240345,35.93678051685946
300,1.2885008554294404,5.685034017812025,35.442647243762146,35.895694107085326
