timestep,mse,res_ones_norm,res_ortho_norm,residual_norm
0,83.10366484423389,254.73377473644666,134.96061963682308,288.27706263980474
10,1.7600559936613263,7.614626741752391,41.25619290779405,41.95302126976466
20,1.1272000638491264,0.47462163049876605,33.570445307695714,33.57380025926655
30,0.6537718712894995,5.767275324577446,24.910046299034043,25.56896304681712
40,0.561303355013507,3.5463709965538435,23.424914253168755,23.69184152854115
50,0.5935516137444615,3.7776974611108987,24.068249118637148,24.36291472185669
60,0.5729329696142387,3.3453910272226226,23.701082854781486,23.936018248953577
70,0.580748620456769,5.289286648112337,23.511105189056284,24.098726531847465
80,0.5214154839367685,2.278283244347334,22.72058338589251,22.834523948109112
90,0.6488558029027834,2.7372214590103576,25.325153930176153,25.4726481329049
100,0.5447398689099673,3.9077701710563173,23.01019776534243,23.339662999065933
110,0.5397206771268829,4.077031934614269,22.871346434589686,23.23188922853419
120,0.5146419102258742,1.7978490836373786,22.614368195869158,22.68572040350216
130,0.5087646758382453,1.798400358887209,22.484003913613776,22.555812462384175
140,0.5728207476325637,5.883501262364212,23.19924913716654,23.93367392676193
150,0.5710759323465308,4.306718302750881,23.50591648515925,23.89719507278063
160,0.5669529389575061,3.5110858315826126,23.550482271935874,23.810773590068553
170,0.5393872146956865,3.3867204912993163,22.976451836815443,23.224711294129932
180,0.5359760122233805,4.122382372093143,22.781175909106103,23.15115574271359
190,0.5541528116132007,4.1590916143637635,23.170126640925588,23.540450539724187
200,0.5434583353291397,2.5334708507160797,23.17412049631467,23.31219284685891
210,0.5569114398664285,3.9891595042529557,23.25936470147147,23.59897116118473
220,0.5592570928781059,4.885899416195307,23.1383897402764,23.64861714515472
230,0.5137301261939311,2.00122991904548,22.577094698057326,22.665615504413974
240,0.5289857759155762,1.290525492441077,22.963456183008162,22.999690778694745
250,0.5232460371187615,3.475496340040634,22.60900179815831,22.874571845583503
260,0.4816066340383123,0.041000841653586896,21.945499606281373,21.94553790724466
270,0.4929503762953349,1.9348668491180772,22.118016786581897,22.20248581342492
280,0.5300597162604876,5.495577612203763,22.357512003099373,23.02302578421194
290,0.5365930173679937,4.081326675575193,22.802100559712297,23.164477489639037
300,0.5734647910731574,4.299791005873165,23.55794108955555,23.947124902024406
