timestep,mse,res_ones_norm,res_ortho_norm,residual_norm
0,272.6144571754775,53.732493170645,10.563058581530312,54.76092611461436
10,7.933661213759748,0.37844261080819724,9.334187406608136,9.341855990720326
20,7.676317217429295,2.9481846769451105,8.703315259276104,9.189096222791568
30,7.03349335108881,3.260432962459139,8.169333128186585,8.79593240435469
40,5.579563013045403,1.6168288928094499,7.665576134569142,7.834232134899976
50,4.787763211108673,0.01801218719966543,7.257070406390425,7.257092759652132
60,5.22993521600576,3.301083952403313,6.828772372487509,7.584806350597447
70,4.310321378976846,2.1991138309387614,6.525138582997234,6.885748700667583
80,3.9170647356246464,2.2730308386553744,6.158006406166915,6.564123101517149
90,3.910053198562072,3.114018328253836,5.77178265663928,6.558245587364261
100,2.852305749818387,0.5679084625303034,5.572507804049154,5.601371550611712
110,2.863132077511995,2.295680593332909,5.120967044028561,5.611991879237883
120,2.3531649457038974,1.9779953065063993,4.687467223371437,5.087712099042444
130,2.9791782158377456,3.6235832194823825,4.431772221775493,5.7245925946057685
140,1.784890493011594,1.3478239431333903,4.221038502719905,4.43100388435031
150,2.295321346276795,2.918639212170077,4.090242041521257,5.02479201649628
160,1.8933886114190508,2.3964092532910035,3.883876596436969,4.563690910393643
170,2.0768078103590075,3.1358766686423563,3.6070990328813535,4.779632403642468
180,1.5819225644687918,2.2064481647109546,3.540160265524764,4.17146835169065
190,1.556323965808643,2.3497538803430342,3.4056159979815583,4.13757944019146
200,1.2388922113875005,1.798601780040521,3.2237937220141073,3.691586965691382
210,1.3745839263166233,2.2407829729061084,3.1779419217186646,3.8884988349596887
220,1.066419536485335,1.6005933901263136,3.0279887220435016,3.4249985257425566
230,0.8562540589574704,0.6052020091058345,3.0087414605955156,3.069005481997739
240,1.1232693526718518,1.7547772179592396,3.0457708046932224,3.515104959939371
250,0.9088190613379962,0.6993443629598735,3.0834926847187765,3.161804812874754
260,1.3006023932917743,2.132584166813935,3.123893579759725,3.782410121365677
270,0.9959294276085238,1.2143996854622556,3.079035093603666,3.309867626309814
280,1.5095720346461972,2.668458073733619,3.079711656930569,4.074959187661659
290,1.0521999358576521,1.0457505288583107,3.237376271894686,3.4020874907083405
300,1.4829187965049504,2.378425538836425,3.264230187619298,4.0388249233600675
