timestep,mse,res_ones_norm,res_ortho_norm,residual_norm
0,22.163165336924237,128.28905645539746,75.53200203031888,148.87298390548983
10,5.825889967518655,28.02103354819149,70.99796931187385,76.32751776075686
20,4.663464212104149,9.488075110811929,67.6272182097988,68.28956151641442
30,4.3928280552624654,12.096447759187233,65.16520549243836,66.27841319209797
40,4.286929321188881,16.60764033469929,63.333368801147394,65.47464639987665
50,3.9632579621863635,10.454296135771754,62.08031615972933,62.9544117769864
60,3.8014048921478856,4.41663799211409,61.49713977897264,61.65553415669907
70,3.7762526757358494,6.671664527012603,61.08798219105662,61.4512219222356
80,3.761336504311566,7.180716803601871,60.90791254425025,61.32973588979139
90,4.012383873492708,18.039696993123755,60.72028660908139,63.343380660434505
100,3.7519592087114195,9.080455433998818,60.57643549947934,61.25323835285298
110,4.11568246253719,21.842102488734813,60.32085063565329,64.1535849546788
120,3.8209416076413167,13.859759226403913,60.23992597793782,61.81376551902753
130,3.6766317764936174,9.845228728669518,59.8306213219769,60.6352354369439
140,3.925844680792427,19.768897017995293,59.456163612230526,62.65656135467719
150,4.157318777155689,25.3795479055169,59.27223064190567,64.4772733384073
160,3.7027583930120884,14.146463521189231,59.18307159024235,60.85029492954071
170,3.751756911123546,16.35968014910576,59.02641592153889,61.251587009019985
180,3.6893211610131957,15.092182795591588,58.834914629645255,60.73978235895479
190,3.6218513592523514,12.0969764525875,58.95349455255299,60.18181917533194
200,3.64826375806626,14.119496680291714,58.7273664619953,60.400858918282445
210,3.5981963541406206,12.538555603606792,58.659875362260046,59.984967734763515
220,3.640717483506472,14.723744695048383,58.514347177948636,60.33835830967289
230,3.6036026189161974,13.969473083973302,58.38198729636002,60.030014317141365
240,3.580891244716525,13.83637497826813,58.2189485664013,59.84054849946251
250,3.535858086386573,12.47265901086946,58.1402688640597,59.46308170946552
260,3.5044751653744606,11.41453784373818,58.08772237907362,59.198607799292546
270,3.6193024927258515,16.042090377597344,57.98235791206538,60.16063906513836
280,3.727052603927391,19.635439887677983,57.805727262484766,61.04959134938899
290,3.5148280930871327,12.667687200222435,57.916817886382994,59.28598563815173
300,3.5293479170795536,13.92982104731636,57.752125525120675,59.40831521832237
