timestep,mse,res_ones_norm,res_ortho_norm,residual_norm
0,341.3858507857011,518.3803502962503,269.56940333138266,584.2823382455618
10,194.15173571717995,391.7922545005121,201.61985276898181,440.62652634309245
20,118.29368486825568,299.93074663944753,168.33072235500939,343.93848994879255
30,79.17657900017724,234.82192813493737,155.03303218078267,281.3833310631197
40,55.37636483707651,180.9361890602645,150.46082654772542,235.32183247008024
50,41.49626818639259,139.7546733014449,148.20559866887285,203.7063282924529
60,33.81070654275954,109.03291377595322,148.0625889827848,183.87687876065206
70,29.3278499190184,86.0058386966751,148.09066692097753,171.25375884639263
80,26.937323766863063,73.17609611746377,146.91011784036783,164.12593873871083
90,24.100569459478628,56.65717074810994,144.53558199384037,155.24358105724895
100,22.435188072847183,47.35717323590935,142.1002681769153,149.78380444109163
110,21.428103765429974,39.08405470292651,141.06927529908356,146.383413559836
120,20.482489422004058,31.307340109886006,139.65077829087807,143.11704797823373
130,19.679763913875473,24.529473546613577,138.12338267433742,140.28458188224204
140,19.262190159104982,17.66643942863111,137.65931525697593,138.78829258660465
150,18.86671249252714,11.022481942801086,136.91317461934685,137.35615200101938
160,18.393827793932058,8.114314227183472,135.38089118688274,135.6238467008367
170,17.93427398999484,5.9615282608103435,133.78615089309653,133.91890826165974
180,17.542318980904525,4.592452987815864,132.36777688115498,132.44741968382974
190,17.375971959094986,0.4532136726228199,131.81717094696705,131.81795006407506
200,17.19674791031546,2.1210916896806586,131.11921628944944,131.13637142423707
210,16.893666398257047,3.725512900690638,129.92223424758302,129.97563771052268
220,16.81788423190564,5.264638884187016,129.57687991815806,129.68378553969515
230,16.75018314854046,7.826135786024769,129.18565999057,129.42249861805504
240,16.626525973415678,10.185424747885463,128.54097827588228,128.94388691758783
250,16.515123597638635,12.253128780703076,127.9256988752539,128.51118082734527
260,16.6200195722647,16.071521383812087,127.91296170707005,128.91865486524708
270,16.729631365708812,18.843184889217227,127.96314215015036,129.34307621867052
280,16.636365113512714,18.14373846610912,127.69952963102938,128.98203407262855
290,16.554141826921484,17.94695104824901,127.4050578862285,128.66289996312645
300,16.53735965240103,17.804581539404918,127.35916350466388,128.59766581241288
