timestep,mse,res_ones_norm,res_ortho_norm,residual_norm
0,794.7847115353842,800.5308929011098,392.3455123310793,891.5069890558258
10,16.40444901885315,26.33937140076327,125.34227751666955,128.07985407101754
20,10.280750510815663,0.14322696100209573,101.39393471432747,101.39403587398847
30,5.941063095265707,16.85315997452935,75.2132574360307,77.07829198461592
40,5.090258764930022,10.641174179050694,70.54802744954056,71.34604939959901
50,5.378504515678866,11.313781360250925,72.46035375991,73.33828819708616
60,5.209809734181838,10.266736071681043,71.44511085173205,72.17901172904654
70,5.266573933261072,15.78120931572881,70.83450688608079,72.57116461282037
80,4.74315908073257,6.835914692824114,68.53049942211864,68.87059663406852
90,5.824588530317667,8.188530468023652,75.87843237107575,76.31899193724762
100,4.945570186417301,11.726890093805197,69.34010553168429,70.32474803664283
110,4.8970174598219325,12.206948700705219,68.90578976573946,69.97869289878122
120,4.670564379565913,5.552192768825173,68.11561887719819,68.34152748926462
130,4.6212012642966105,5.539171736190637,67.7533677448848,67.97941794614462
140,5.168380912319522,17.21485438707684,69.7999262231076,71.8914522896813
150,5.1490379878619725,12.821610477114197,70.60201337522273,71.75679750282876
160,5.117989808194178,10.44938357913929,70.77287750975081,71.54012725872226
170,4.87679997305197,10.091603048964782,69.10108190870888,69.83408890400139
180,4.849424961740974,12.264437084751236,68.54931469194388,69.637812729443
190,5.002829736884037,12.321296592995381,69.64923105929797,70.73068454980509
200,4.908720099085744,7.586771990635615,69.65027630848172,70.06225873525449
210,5.0285007187638096,11.776108515610245,69.9272764162339,70.9119222610966
220,5.045366262761218,14.36450150644153,69.56311780845262,71.03074167401898
230,4.653037974617307,5.953902671688472,67.95284407288166,68.21318035847109
240,4.781313139473779,3.903498554483214,69.03677164025652,69.14703999068782
250,4.734459041919214,10.313487106666662,68.03007442021385,68.80740542935196
260,4.3755798585623165,0.1416143965819789,66.1480143611658,66.14816595010262
270,4.474086230767528,5.7200683657183875,66.64358220158213,66.88861062069931
280,4.7925119164498176,16.036530694988883,67.34494487130044,69.22797062206733
290,4.848390438368766,11.93220488168216,68.60038574986532,69.63038444794604
300,5.1630143907909645,12.641423188618909,70.7333641965177,71.8541188157712
