timestep,mse,res_ones_norm,res_ortho_norm,residual_norm
0,1944.7842350342355,1248.0174368927362,622.283466151818,1394.555210464697
10,324.69181125048965,111.2955987217652,558.8426441813951,569.8173490255361
20,268.6955229653779,101.4110401594559,508.34173928485853,518.358488852433
30,234.01032676293502,50.46944765163158,481.10618538600625,483.7461387576494
40,217.81346452450757,64.45844530892086,462.23216390993866,466.70490090045934
50,213.17416799981996,60.91034994131408,457.67247816516846,461.7078816739215
60,210.92945861510705,69.22657261619693,454.02328162652793,459.2705723373827
70,207.84680462695607,64.51698428821798,451.3140407358383,455.90218756544266
80,204.26013339247694,54.862983756695414,448.6091688828813,451.9514723866678
90,206.29760577297864,88.96854028728212,445.40117266586645,454.19996232163936
100,204.86139990415478,67.3311077703703,447.58007309370856,452.6161728265515
110,203.88319791226772,70.50910865617519,445.9951384362607,451.53427102742455
120,202.43897854808364,86.79107219767543,441.481922998962,449.93219327814677
130,202.19016466294812,74.08397131947525,443.5106874208143,449.65560672913676
140,200.63381543491369,74.25804642456063,441.7233953235004,447.92166216305463
150,200.02795253360756,73.6936995227768,441.1317163662733,447.24484629071753
160,199.7809603295789,67.49947912917737,441.84248397689043,446.96863461497935
170,198.92680049679197,89.10978437924398,437.01973276349497,446.0121080159057
180,197.85410401735678,71.13750234945095,439.08263433759095,444.80794059611475
190,198.86172261388242,86.19469923341576,437.529652067084,445.9391467609481
200,197.65764784453555,70.33463663958669,438.98825352543645,444.58705316792066
210,197.93320418086668,83.13886590038331,437.05964485143755,444.8968466744473
220,197.08107117951883,81.64473827247261,436.36591055207134,443.93813891072574
230,198.61193984216837,87.01955230833254,437.08069890836606,445.6589950199237
240,197.98699569845118,83.95712038627563,436.9647555980867,444.9572964886082
250,198.32529322628554,78.84867003334578,438.301472117375,445.3372803014425
260,197.3307925035234,82.49341345377077,436.4924160168979,444.2193067658399
270,197.801189656864,75.89752413031846,438.224549161445,444.7484566098729
280,198.17870968044835,89.46573386647358,436.0901192920813,445.1726740046477
290,196.91348896484746,85.54571118897454,435.4255622514829,443.7493537627378
300,196.6987231762545,75.63742046958797,437.00995846886747,443.50729777113537
