timestep,mse,res_ones_norm,res_ortho_norm,residual_norm
0,1.8876361657457361,14.819501122292332,3.2671086157879676,15.17536201284766
10,1.4521112596013404,12.944906429629519,3.0962834494761404,13.310055359440227
20,1.1064012441419566,11.204760293897921,3.0715303256857505,11.618130305058498
30,0.8537717756955819,9.769863149637096,2.9512591672410156,10.205888331490845
40,0.7089561937394601,8.818331117787995,2.954605207682752,9.300142775044591
50,0.5913606279695544,7.947525057917038,2.9971389801052726,8.493879950428168
60,0.5125948603385891,7.310451401456206,3.015604958918667,7.908006889305792
70,0.44578839698778444,6.711940467984412,3.05549334588425,7.374698938431975
80,0.3827576404427604,6.120299981400361,3.039467103241538,6.833478772486
90,0.3427864925327671,5.7093979497050595,3.0368943249479763,6.466834781328311
100,0.30901219318774814,5.330474043373656,3.0472174260831766,6.139990844366567
110,0.2793451042978093,4.971547821168146,3.060035128257677,5.837816605918066
120,0.24940714556244414,4.587792820311802,3.0626506161352576,5.5161283305066595
130,0.22957600998905425,4.312113426474807,3.0682162596336493,5.2922843100748675
140,0.2096093833681486,4.035893685836496,3.0469504307650355,5.056910595503358
150,0.19018045002705697,3.7515208908237594,3.02127554337797,4.8168469877401074
160,0.18272527442156009,3.6304286981393865,3.0186869574628457,4.721491658303584
170,0.17293504888735986,3.473041726381924,3.006003514812975,4.593264194911708
180,0.16557247577403197,3.3389464016668735,3.0085343559992386,4.4944234384881785
190,0.15824631796050712,3.22680584219181,2.9822432576801416,4.3938651312007595
200,0.15392287576324765,3.1503253659878223,2.9755740507555695,4.333427147549179
210,0.14928116860121168,3.065971635981689,2.968521601185274,4.267587441324175
220,0.14322329952835408,2.9697637320982455,2.9417249902010036,4.180100781375875
230,0.13598302532914847,2.8356210631589467,2.923898472301224,4.07307366618333
240,0.13137255353430446,2.753820451191669,2.905843157120435,4.003429970810672
250,0.127268189494752,2.6826795015469713,2.8861652430759124,3.9403958073218663
260,0.12589340306138347,2.6706374040211016,2.868220882312275,3.9190553930110226
270,0.12153450172653144,2.5816031162115447,2.857014973885099,3.850611537228448
280,0.11895203321353096,2.536180942556428,2.8425225203442754,3.809481336356798
290,0.1123577391392016,2.3860008144308646,2.8310147100497116,3.7023835802064857
300,0.10763100842205837,2.2894528577293127,2.8088055539189973,3.623669828708339
