timestep,mse,res_ones_norm,res_ortho_norm,residual_norm
0,72.51222951274923,93.98635381340819,3.613488261536165,94.05579195645213
10,1.3532432576267526,9.59615130041289,8.544563046174321,12.84895627786412
20,0.742997165540616,3.332647969799848,8.918470255898379,9.520801132045305
30,0.6871222324217136,1.8865047860062625,8.959353327546832,9.155813036287332
40,0.6736752550304645,1.8703249139750726,8.870753396971466,9.065780777942773
50,0.6701247285266586,2.3357353568848325,8.734961775694869,9.041859149547307
60,0.6523863055678506,1.9797061684936468,8.698959292105346,8.921386062674216
70,0.6847059372500114,3.2454829140955415,8.544060217415096,9.139700451573967
80,0.6625823032755572,2.8048600903414984,8.542119226118741,8.990830940442489
90,0.6377815449515456,2.1426390635452623,8.556777800519216,8.820960746091583
100,0.6341131126672503,2.1926892710255554,8.517858504702573,8.795555681445292
110,0.6274413634473386,2.0493532831994883,8.505762603154098,8.74916260796285
120,0.6108867073438237,0.9973187712522246,8.575169593917922,8.63297042135246
130,0.6141140108044449,1.5879985647334338,8.508828936848293,8.655744296023437
140,0.6044180915429912,1.036041852447106,8.524413437194545,8.587141967397821
150,0.6015383484940161,1.1434961299812778,8.48999971242566,8.566660873191488
160,0.6095122912621271,1.979659308166747,8.392940399977128,8.623253419329592
170,0.604879557152223,1.7916665838744217,8.401502057656057,8.590419429374284
180,0.600053083767192,1.6030092498256097,8.404572420091993,8.556078320094867
190,0.5966151166639638,1.4800346934351778,8.402174810085292,8.531532349642916
200,0.5945392714781799,1.418609075780976,8.397698459128536,8.516677234716479
210,0.5904617964628466,1.2065569250658232,8.401223693905727,8.487422410158887
220,0.5900817514100056,1.2938585925491008,8.385457865525742,8.484690546626947
230,0.5954316226892897,1.823802587209048,8.32564724757078,8.523066230418097
240,0.5856360789863556,1.1652002574869822,8.371971691082553,8.452668314581814
250,0.5869480823092279,1.4448328182002559,8.337872880368069,8.46213129428549
260,0.5859619168470643,1.4408009861799618,8.331353213828153,8.455019447366272
270,0.5838072614837876,1.3096462603138357,8.337224512622175,8.439460047954613
280,0.5832744754918745,1.3269432943691664,8.330588664886617,8.435608218143413
290,0.5877667820161969,1.7311876883932091,8.28918190134176,8.468030904878418
300,0.5810216105762869,1.2674156884142112,8.323358334414573,8.41930142531475
