timestep,mse,res_ones_norm,res_ortho_norm,residual_norm
0,18.392825297855037,47.19807073774573,4.033212735904981,47.37008218631581
10,0.27353869007477344,0.7434308329748325,5.728789644043905,5.776826134576179
20,0.2913003324539851,1.7600480344445457,5.695688849984177,5.961429405720257
30,0.2725283500757148,1.525105552005613,5.560801359919167,5.76614764892794
40,0.2502443573438037,1.0121581377969708,5.431882500573389,5.52537886447111
50,0.2274682424784353,0.47515859290286844,5.246460701650177,5.2679337108935895
60,0.22500470768329173,0.2974479962465789,5.230879374148336,5.239329569454625
70,0.21820085444467555,0.016009016700428758,5.1594813647918825,5.159506201396643
80,0.22134814882011444,0.598562056197617,5.161995507643767,5.19658293073958
90,0.2154622433024189,0.4704261870331798,5.1053984061431015,5.127025812583266
100,0.2146651420458742,0.6364490656465166,5.077802666157314,5.117533324717744
110,0.20856707035323988,0.5431684474481513,5.0149925843207415,5.044321815972417
120,0.19846219663121603,0.7034542001432588,4.870065726179592,4.920608497839303
130,0.19788809777028035,0.23132705052786837,4.908037869013267,4.913486331310407
140,0.19986034706897185,0.458735475830132,4.916556122493617,4.937910726452491
150,0.1939672411103567,0.0654950270900692,4.864125185158169,4.864566107625994
160,0.19321284914728265,0.27189737327859337,4.8474776342313,4.855097073794558
170,0.19329914820786784,0.38604675699861096,4.8408123267454535,4.856181224106023
180,0.18783490747381953,0.1708257852791656,4.7840022222914715,4.787051149904916
190,0.19278385956520305,0.5384807595702229,4.819716728037805,4.849704204067994
200,0.18736166066197724,1.084211364153364,4.65645877449827,4.781016900279816
210,0.18207044191784633,0.05419570378536242,4.712712248765933,4.713023860959888
220,0.17987246078524693,0.5142128004587865,4.656181419537308,4.684489322839804
230,0.17967267119142472,0.29910326902046797,4.67232309668489,4.681887000489633
240,0.1772060922808028,0.27311842311555307,4.641610667129765,4.649639046018297
250,0.1771955977905323,0.6176826435792891,4.608289387860298,4.649501363635131
260,0.17811067950421952,0.9419515592620036,4.565329140326978,4.661491488731346
270,0.17502407197831127,0.01514125416629465,4.620898995193062,4.620923801725579
280,0.17216927343302357,0.5669522278610252,4.547880443695974,4.583083171711907
290,0.17316426861771164,0.8590656729647452,4.5153124964828795,4.596307297316055
300,0.1732043641708783,0.2395530056685327,4.590593293499471,4.596839395589882
