timestep,mse,res_ones_norm,res_ortho_norm,residual_norm
0,277.3149225123848,54.3176271991492,10.002975711780955,55.23100712132844
10,58.64052437983223,23.961066501190274,8.420989271082806,25.39775124254418
20,13.885190432243906,10.144449226418482,7.058841593866548,12.358684992938487
30,4.484043513401879,3.2259598841886947,6.238402157045178,7.023138803086599
40,3.0959944119842757,1.1729085417081244,5.716661970469756,5.835746613058781
50,2.597124550529338,0.2983737445873995,5.336604085405213,5.344938732653792
60,2.3845949775124695,0.22543749137163363,5.116612423285667,5.121576393322388
70,2.0768726474030945,0.21498941349630493,4.774869492825805,4.779707012091227
80,1.9144856821208527,0.17940422557979682,4.5855377685908865,4.58904592517109
90,1.7986413599984785,0.8320312048201199,4.369528468174666,4.448039451262012
100,1.805661122807217,1.0216104666016996,4.338039235116396,4.456710934184467
110,1.6255886312602976,0.4851906793781214,4.200721955629517,4.2286493049037865
120,1.5676333873615838,0.3330349077341077,4.13920946694027,4.152585611516928
130,1.4076684768918604,0.3551182026522533,3.9189595950909593,3.9350162954949073
140,1.4763596253775917,1.0747046111355016,3.8839369044768994,4.029882861716145
150,1.3016477855694253,0.14601836794576584,3.7811115134952225,3.783929920236853
160,1.2933071225071777,0.714383816316916,3.7035164520443855,3.7717871556569778
170,1.2539376617016285,0.6027930653381853,3.66469027328342,3.7139351473494946
180,1.2841457180610942,1.1125951161058336,3.5899491648614585,3.758404302183579
190,1.2300702976250086,0.904744117379484,3.5654188191490648,3.6784199425670656
200,1.308571347793741,0.9616389611537548,3.6700865567616088,3.7939800771394614
210,1.239160178914165,0.7653487889018056,3.6117867045802075,3.6919861819968687
220,1.2380448044820753,0.8054436427984779,3.601354382392595,3.6903242200791553
230,1.2613329495986112,1.2072203118387619,3.5238163352065675,3.7248707958242955
240,1.3424444357061702,1.5163981400236837,3.5309241670843887,3.8427709784435335
250,1.1703965401584033,1.0675037517710242,3.4256090964523707,3.5880861112496225
260,1.136592277012972,0.39136948548540595,3.5141634812531954,3.535889569421349
270,1.3571730976942709,0.9217803569539531,3.75222934375963,3.863794000026008
280,1.203261338342218,0.3923906129147911,3.6168915284620793,3.6381141710733043
290,1.2741471367063673,0.9361275522335702,3.6248149897228172,3.743743915356663
300,1.3293501943037602,0.910589628700319,3.7139842037150315,3.823983804534397
