timestep,mse,res_ones_norm,res_ortho_norm,residual_norm
0,1965.3646048579626,1253.7140705409565,627.3480965027223,1401.9146211014288
10,342.2993633090941,124.99993703365368,571.5543535401307,585.0635549315083
20,295.86812855241016,95.00867331092246,535.5758401460139,543.9376145776372
30,304.0567733572818,182.3135451331874,520.4022911347058,551.4134323330198
40,287.49280612868677,124.17348929715331,521.6068928651697,536.1835563766263
50,369.7576432896048,366.7029234278123,485.06351052114877,608.0770044078339
60,236.35773628462587,36.978079761742656,484.75804057463546,486.16636687930793
70,239.13682744321244,52.72524660280962,486.1654819234756,489.01618321197964
80,415.2260989676763,455.18598457789614,456.1050519469472,644.3803992733456
90,219.29497672303359,52.982388420473946,465.2825413018369,468.28941555733843
100,234.45589497914463,115.4228422073629,470.24829874856414,484.2064590431902
110,220.6522928195242,60.411575523520966,465.83552286433684,469.73640780710645
120,225.37064108861938,76.93392925780019,468.45684072022584,474.73217827383405
130,264.5408941170614,203.22430428607515,472.4836253929887,514.3353906908035
140,219.28742525039993,102.94319384401685,456.82614208426503,468.2813526614101
150,212.99302643558653,20.60452855207254,461.05149369537173,461.5116752971549
160,213.0159086989595,78.001080557423,454.8975050831054,461.536465188786
170,207.2295596969633,31.091651960392753,454.1617210590706,455.2247353746974
180,229.0135812600126,128.96710218988926,460.84820474073143,478.5536346743305
190,212.9735613151564,58.8324885093019,457.7251354371521,461.4905863776166
200,200.35512940350745,25.89814769519518,446.86062183802386,447.610466146076
210,202.41274608710467,66.54630111468629,444.9543076486148,449.9030407622343
220,199.36674916908663,7.012239578978053,446.44997218632864,446.5050382348296
230,206.81315406137497,108.06241668414144,441.7416305508888,454.7671426800478
240,200.6830381258477,78.00137660164559,441.13356636521775,447.97660444028514
250,197.7992610413391,57.33971477563462,441.0344863508837,444.7462883952367
260,197.45050993577792,75.57874039926183,437.87939428047866,444.35403670471806
270,199.44729977591908,81.79054224842181,439.04169161325467,446.5952303550935
280,194.78959068792344,44.4026590483187,439.11045826461725,441.3497373828645
290,195.06077396580656,49.31275687940194,438.89523348375474,441.65685092139864
300,195.3208466944875,53.465721832996806,438.705212281965,441.9511813475415
