timestep,mse,res_ones_norm,res_ortho_norm,residual_norm
0,590.328417040845,683.5411573379114,350.85595800270136,768.3283263298608
10,126.16149424891142,264.2655271380582,237.32936062644163,355.19219339522573
20,83.93108768990508,167.62072786398573,236.29299456448706,289.70862550139077
30,71.91788985074204,128.75582621869987,235.24418603970219,268.17511042365965
40,67.6737960033301,118.52378021618593,231.572687350204,260.141876681418
50,64.70292674218018,107.98310497077416,230.30973879332794,254.36769987987898
60,62.11326360025329,97.38058874577179,229.41291274856377,249.2253269638808
70,60.26286972139686,91.72211096841227,227.70578403039113,245.4849684225021
80,59.51778439063634,94.54050516029584,224.89970492348894,243.96267007605147
90,59.063931658149876,95.7877929419749,223.3576288857294,243.03072163442602
100,57.83521815049504,91.50425450905126,222.40096572910338,240.48953854688781
110,56.896983091066225,87.0691897495354,222.07192368110307,238.5308849836143
120,56.6904171798754,91.12831050114367,219.9682890897744,238.0974951146597
130,55.9548672242686,86.75102296248865,220.06618831440315,236.5478117088987
140,55.58524566728128,86.94894291133318,219.1463597550345,235.76523422099638
150,55.4843486523091,87.7667320389182,218.58945399885565,235.55115931005116
160,55.18194370842399,88.38330974169615,217.6472702965222,234.9083730062085
170,54.49927823835454,84.77479487289622,217.51439582844372,233.4508047498542
180,54.15348959659408,84.56768855262004,216.79897520389972,232.70902345331191
190,54.13057672657928,85.7420756445342,216.28424166070505,232.65978751511676
200,54.23657210602923,89.69970776541902,214.91983280476387,232.88746661430542
210,53.37010373241347,84.75771175803044,214.90982767187757,231.01970420813345
220,53.64749672782123,88.0466076016712,214.2318641511075,231.6192926502912
230,53.11222361065309,85.56022159592611,213.98988782442294,230.46089388582413
240,52.86409349781806,84.92099017785388,213.66450085363013,229.92192913643115
250,52.471001537769574,82.33462067873064,213.75689877863385,229.06549617471762
260,52.63492391627029,85.34156460790655,212.95948268754037,229.42302394544078
270,52.45094744109907,84.77543507530599,212.753550026531,229.0217182738333
280,52.23790919549458,83.4192656022438,212.7889454879573,228.55614013956085
290,51.96185060347847,82.85668401859851,212.3596489847367,227.95142158687773
300,51.84178660439509,82.22943277050663,212.3207643887799,227.6879149282963
