timestep,mse,res_ones_norm,res_ortho_norm,residual_norm
0,0.27556138884008263,13.462136136818364,9.712480603525114,16.6000418324799
10,0.20313274769061337,10.405128577133329,9.739920276056502,14.25246461811477
20,0.15816045130152478,7.940447744059369,9.752422310656325,12.576185880525333
30,0.12836918650819998,5.85899976886865,9.697489789455675,11.330012643779352
40,0.10990674967771769,4.142169631656489,9.630637591577226,10.483642004461888
50,0.0975619737113675,2.6918524947095963,9.503467991112151,9.877346491409902
60,0.09090938587517645,1.586470024835568,9.401728497221917,9.534641360595398
70,0.08661326015606034,0.6774862396057111,9.281932587085796,9.306624530734027
80,0.08427691300954177,0.12856012766166575,9.179345581419046,9.180245803329111
90,0.08293961292261375,0.7937023572314009,9.072466560464086,9.107118804683166
100,0.08213383293970025,1.2120462890132593,8.981357176562428,9.0627718132865
110,0.0817279322710136,1.658511719630065,8.886915727453667,9.0403502294443
120,0.08138063914914115,2.0734641981902238,8.779600524395429,9.021121834292071
130,0.08111710548697457,2.3784274320507524,8.686782398416748,9.006503510629114
140,0.08099683719508098,2.6275746402806015,8.607711002632191,8.999824286900328
150,0.08053647399024488,2.766575049181318,8.537126945729009,8.974211608283197
160,0.08027120663367457,2.93114886556952,8.466378975780913,8.959419994267183
170,0.08057049369689707,3.1547665585844613,8.403448200455228,8.976106822943736
180,0.08004175356141507,3.2119070684460445,8.350174042801829,8.94660570056684
190,0.07965703977969199,3.280532757844782,8.300309910141868,8.925079259014565
200,0.07966064242341661,3.394485303432753,8.254581270312604,8.925281083720368
210,0.07964177312406019,3.497114729489074,8.210478773667877,8.92422395080156
220,0.0795625451031267,3.5769811314563453,8.171153595933195,8.91978391571941
230,0.07994737327785555,3.7149337843998316,8.133058481000877,8.941329502811959
240,0.07987694008284327,3.77029188495968,8.103199317865165,8.937390003957713
250,0.07970210129566022,3.796653120624023,8.080069701265954,8.927603334359128
260,0.07984136656560101,3.8882920881677228,8.04503270364349,8.935399630995864
270,0.07957641034866436,3.9000514068170022,8.022842973213987,8.920561100551039
280,0.07953254607880508,3.9504611878948626,7.995398831937116,8.918102156782298
290,0.07958726541771045,4.003101226500675,7.972605972208789,8.92116950952679
300,0.0794870266424958,4.02856401560813,7.953470853322032,8.915549710617725
