timestep,mse,res_ones_norm,res_ortho_norm,residual_norm
0,10.212210378749372,35.07892829896063,3.9189865531540495,35.2971622968111
10,0.20132791055067575,1.030879197368458,4.847606952674217,4.956006970049825
20,0.19226356810273199,0.9437144521230265,4.750321919763695,4.84315551149592
30,0.177876722692141,0.5190038290094051,4.62942709132726,4.658428937790207
40,0.18503461246924974,1.1057062456349267,4.62078309592783,4.751233810416876
50,0.16645737721591217,0.33796303098620917,4.493726850847511,4.5064176482369325
60,0.1815161668139265,1.8529515304389148,4.3256841051032735,4.70584448864378
70,0.16074224338379436,0.4813280216718524,4.402144594215003,4.428380481939522
80,0.1543550106063025,0.4586735834564018,4.31519754331226,4.339505881315165
90,0.1540999226534673,0.4535738081214606,4.3121295625606155,4.335918652802772
100,0.1464687378856206,0.3857534240206298,4.209558209349536,4.227195999956201
110,0.16177198673533225,1.2018928248530687,4.276872223866087,4.442542333136572
120,0.15029485092857023,1.247193848882892,4.096398334707484,4.282052289882221
130,0.17680976015407587,1.8545065100680542,4.258121222195589,4.64443653620084
140,0.13942870824466533,0.7270834397418764,4.059760100979156,4.124354786611982
150,0.1368851012706361,0.12925262255711428,4.084516631693365,4.086561189437594
160,0.13563668257969003,0.30110876418148375,4.056723898277437,4.06788339001036
170,0.1347458010773098,0.8485313309213451,3.964717179305057,4.054502155805543
180,0.13119119276547125,0.13267386519926627,3.9984651008706558,4.000665634289811
190,0.1304237007214918,0.3441350888567984,3.9740737950671625,3.988946162587557
200,0.13004070386462596,0.17013082885054903,3.9794498831570917,3.9830849691519723
210,0.13440046963030491,0.6780050389513537,3.992138081536481,4.049303309817282
220,0.12800439174218614,0.7942184260751626,3.871143614518764,3.951776283210717
230,0.13463252347131424,0.8177946559728847,3.969430659951441,4.0527975354685974
240,0.12567890657171873,0.6337717711810494,3.8640859130981697,3.9157153371701683
250,0.12436370387668824,0.01275897843761954,3.895151997217207,3.895172893846429
260,0.12522215304896206,0.8033084176341129,3.825153364001442,3.9085934390741346
270,0.12216198196424705,0.017071359055790186,3.8605013104955845,3.8605390555773607
280,0.12527230912816714,0.4407303988727844,3.8844534273364415,3.909376128442541
290,0.12377614218445701,0.35915267144102625,3.86932793972035,3.88596054361129
300,0.11961392278498816,0.31484835479760853,3.807068306879953,3.8200652585745907
