timestep,mse,res_ones_norm,res_ortho_norm,residual_norm
0,21.011986008330144,50.49144312457466,3.7518614332250304,50.630645789050305
10,0.29280749822389246,2.2794016291106614,5.525110224830138,5.976831500328153
20,0.24538428653247024,0.3455439303911768,5.460538650090409,5.4714607699371625
30,0.2251854803070361,0.25201411191158246,5.2353717618575875,5.2414338303043
40,0.2235430029240688,1.3964981615147138,5.032100877528433,5.22228363426733
50,0.2088360803521311,0.3083705858939303,5.038145431080313,5.047573853145686
60,0.20233927520130718,0.6583167690459157,4.924633042791354,4.9684395512635025
70,0.20746253816927257,1.6819325313457385,4.741469457526028,5.030947192790961
80,0.20740829936849536,1.1169906882010134,4.904706344464332,5.0302895068729825
90,0.1874908215873862,0.3255502033363855,4.7715717849330055,4.782664553746281
100,0.24103560439480284,2.223560132416295,4.945919942103266,5.422761633721875
110,0.1844880914726155,0.2815870895828188,4.735847956875238,4.744211964031444
120,0.18131965249623497,0.7360884693701577,4.645338671162842,4.70329646147685
130,0.18371812076344407,0.32551543666368293,4.723097546487244,4.734301504249616
140,0.18005093171366668,0.12530299043313897,4.68513743978294,4.686812740985854
150,0.180151259869509,0.12815806170006208,4.686366312539107,4.6881183543165905
160,0.18709927688685396,1.5897317581399069,4.505426141593887,4.777668027416324
170,0.17749999076959896,0.9516315938688222,4.555150511612296,4.653493190485087
180,0.17705911957981568,0.9978557045670079,4.539327767588565,4.64771046739548
190,0.1732673599633018,0.3542367406893696,4.584008534794475,4.597675272952932
200,0.17616160517962348,1.2372264574242204,4.467771986680114,4.635915856863028
210,0.17160386376585218,0.1617698656857066,4.572690880651129,4.575551483639318
220,0.1769785070194644,1.5119630512516218,4.393784881855795,4.646652327899588
230,0.17020304014227128,1.1796112600017425,4.401509760597401,4.556837817758835
240,0.16489542120962913,0.5586462021862411,4.450298395428968,4.485224786738648
250,0.17159736870268252,1.2950226468981385,4.3883704635944545,4.575464892415553
260,0.16599779747485308,0.8066459442567523,4.427307716044392,4.500192361658785
270,0.1647538287168595,0.6676756873993809,4.43330308911004,4.483298685505669
280,0.16452823852714385,0.8642134866677765,4.396086913355226,4.48022824198852
290,0.16239324400442226,0.5505645731005642,4.416882884952477,4.45106456575722
300,0.1610632282104536,0.36846849303552415,4.417459089942483,4.432799774597917
