timestep,mse,res_ones_norm,res_ortho_norm,residual_norm
0,92.56790114774807,268.1868173479212,143.6792683324248,304.2497348359536
10,25.859263685785447,96.52976481198733,128.6128616862554,160.8081580200005
20,21.51405788109777,55.85669946878337,135.62480232447078,146.6767121294235
30,20.10264101746388,42.98511056868969,135.11077413315857,141.78378263209046
40,19.30962177457992,38.1974242420557,133.6060573321896,138.95906510400795
50,18.793025137863822,35.8417781342344,132.3192808249808,137.08765494333844
60,18.511683349806862,33.21879754948456,131.9401183839594,136.05764715666245
70,18.111880075980178,32.244776657736885,130.66045482192706,134.58038518290908
80,17.83929138287738,31.63802198868275,129.76257914946441,133.56381015408846
90,17.682137873372422,28.136499202886263,129.96336132148323,132.9742000290749
100,17.390732562279624,30.177540027899433,128.37464173326504,131.87392677204855
110,17.260307377632298,28.861652235556885,128.16907742457258,131.37848902172797
120,17.107166636495194,28.13002770493824,127.73358281131318,130.79436775524852
130,16.9325762012214,28.58046894605251,126.94775695554897,130.12523276144947
140,16.816530523329856,29.341153132930913,126.31558595897721,129.67856616777445
150,16.72829036783316,26.91562864786746,126.50628167139867,129.33789223515728
160,16.624275384750213,27.09200735611135,126.05672739749603,128.9351596142426
170,16.464243072731637,29.0983474439655,124.97011342221748,128.31306664845806
180,16.41752988623755,27.881151669285398,125.06067034776302,128.13090917587976
190,16.39799484632826,26.969801513026095,125.1823655818831,128.05465569954205
200,16.2913818575687,27.951475282678857,124.53953945269951,127.63769763501965
210,16.315678478638834,25.637495931500148,125.13351781597582,127.732840251201
220,16.19753737909136,27.104727443723885,124.34979344290365,127.26954615732454
230,16.09786782452076,27.998829827788366,123.7494781920122,126.87737317788684
240,16.034513109076528,28.679814118722447,123.33686136428176,126.62745795867707
250,15.98105396996748,28.307747942726834,123.2060281657457,126.41619346415821
260,15.93674311790806,27.255170093329802,123.26353402808036,126.24081399415982
270,15.914728148489127,26.77925805245219,123.27854430779632,126.15358951884456
280,15.863293732192819,26.936551681621275,123.03542545013676,125.94956820963229
290,15.795612855265691,27.28344498717798,122.68344014127302,125.68059856344452
300,15.749588847374394,27.573265998936805,122.43081250047422,125.497365898151
