timestep,mse,res_ones_norm,res_ortho_norm,residual_norm
0,1426.9592508793444,1074.8930633533448,521.1181758816404,1194.553996636127
10,459.5466975091346,620.8588871002227,272.1781398602893,677.8987369136593
20,187.21580781027703,376.43824630760855,213.33085695025233,432.68442057725747
30,92.93351891005835,235.4654958623755,193.62210402829533,304.84999411195395
40,53.12683112095498,142.49535948668162,181.16816399609607,230.49258365716452
50,38.88093563915578,95.45577271778203,172.5373324646203,197.18249323699044
60,31.0961963143501,66.46943385095796,163.33404629128373,176.3411361944515
70,24.10412076624989,42.12015849112801,149.43230244807228,155.25501848974122
80,20.642198765956927,38.86384295502408,138.3177518495878,143.67393210306778
90,18.738013547665528,28.2315998082742,133.94398202207887,136.88686404350685
100,16.64490524026524,24.166264840595563,126.73159386640503,129.01513570223162
110,15.13874964836264,22.752488389603243,120.91763279374771,123.03962633380614
120,14.367467232505065,18.723176531996558,118.39303143790498,119.86437015437517
130,12.955104976864448,17.104641535280855,112.5279352641556,113.82049453795413
140,12.522555763899346,7.592364987882516,111.64636921006486,111.90422585362603
150,11.7526347511731,1.7541258535677415,108.39537717847078,108.4095694630926
160,11.596802673213547,0.10112670262038526,107.68840442036257,107.6884519027623
170,11.01753237875793,0.764489892654064,104.96164982488584,104.96443387527952
180,10.73918814063715,5.154017165412711,103.50180794409236,103.63005423446015
190,10.815755997530623,8.698367393306885,103.63442672308116,103.9988269045888
200,10.432703292656994,6.195657458472141,101.9525238594625,102.14060550367319
210,10.38338280619202,6.0203529545491,101.72088358097699,101.8988852058354
220,10.28623289024899,9.536717885149738,100.97169852106113,101.42106729003098
230,9.94001417094542,12.449242264759773,98.91931327086101,99.69961971314343
240,9.87431721015754,12.098466477151065,98.63034177705558,99.36959902383394
250,9.766696266857755,15.336767674689735,97.62929798042362,98.82659696082708
260,9.399277730835752,13.609808450642216,95.98984761302927,96.94987225796511
270,9.122161724073848,13.4586872585122,94.55699583505924,95.51000850211379
280,9.207155760313682,14.464004078053192,94.85751602452882,95.9539251949272
290,9.404320733035231,15.710681928187068,95.6948024000602,96.97587706762559
300,9.843856516774874,18.859615429961725,97.4072452264657,99.21621095755913
