timestep,mse,res_ones_norm,res_ortho_norm,residual_norm
0,195.04786016208345,394.5427842312407,198.45365094435547,441.6422309540647
10,108.62456761675534,297.811340706782,141.18418099484182,329.58241399800954
20,59.734500537606955,222.1143249386978,101.97905272473166,244.40642491065358
30,34.64860284764361,167.41597255237,81.36642416861922,186.1413517938548
40,18.924013382359476,120.70299373613155,65.99091365858524,137.56457895243048
50,10.707919639566216,84.58781649806018,59.605544537875986,103.4790782697943
60,6.888056941488328,58.868839905013154,58.50227884216356,82.99431873018976
70,4.650804897855394,39.60658507050018,55.51687416370473,68.19681002697556
80,3.528965991877667,21.992885146482436,55.18404656068001,59.405100722729756
90,2.9878613109998087,8.76230833112645,53.954455457451154,54.661332868855375
100,2.679962249877436,0.7615754243469335,51.7627496637347,51.76835181727766
110,2.577380357312932,8.328421545862202,50.08011333720553,50.76790676512999
120,2.2950881750972547,11.756892357105237,46.44204622107746,47.907078548970766
130,2.2459636011628032,15.937290372391093,44.63145053377598,47.39159842380085
140,2.2086659507177973,18.845745466794355,43.05233824681997,46.99644614987177
150,2.3271065685172165,23.212116344484798,42.28834618813224,48.24009295717843
160,2.3759473892325054,26.2282624650527,41.08558916818418,48.743690763343984
170,2.4491747993022166,28.56730440524901,40.41143301492854,49.48913819518599
180,2.3699606590678575,29.191190297507124,38.95940281989167,48.682241721883116
190,2.652545440265251,33.69644867815248,38.94990098505882,51.50286827221617
200,2.5986606896477977,34.33372196647083,37.68097962602453,50.97706042572284
210,2.753450044809396,36.82784233268544,37.37860449412549,52.473326984377465
220,2.873659477523643,38.76424984522841,37.02691468999746,53.606524579790126
230,2.953698554754162,39.99218319606818,36.80113908517345,54.3479397470977
240,2.946112433912842,40.20034685559889,36.46977579588859,54.278102711064264
250,2.919949215148959,39.975313308786305,36.35826647426043,54.03655443446556
260,2.8476411267764004,38.95063538174492,36.47587051921804,53.36329381490989
270,2.677943506632345,37.2317917885859,35.94074549649369,51.74885029285525
280,2.7022612699641044,37.77799706931846,35.70832126262269,51.983278753500194
290,2.8153687762923787,38.98611180799929,35.99238617244705,53.06004877770448
300,2.940559009406075,40.54454987693486,36.00969986937989,54.22692144503572
