timestep,mse,res_ones_norm,res_ortho_norm,residual_norm
0,216.40235614993335,47.747913341238586,10.028094993907759,48.789608705637995
10,47.248966558161364,20.692376008513197,9.568918813642544,22.797776912229292
20,15.449146927302156,9.209706122252129,9.226154634628415,13.036127346736212
30,8.110232170551694,3.2962716999473702,8.851392362571817,9.445239746881422
40,6.530228212704636,0.990625076533033,8.41731384097652,8.475406204999912
50,5.737729911953822,0.18760345132646208,7.942281408798257,7.944496776479429
60,5.246397587523723,0.736222795886362,7.560975430298542,7.596734394643593
70,4.816819810130661,1.3589167076557802,7.151109235153051,7.279080842485352
80,4.394731486209824,1.3987226746028685,6.810699026374596,6.952844478938678
90,4.168907474416635,1.8885165247792652,6.503190567269163,6.771852199995433
100,3.8458040109820897,2.0338872944064215,6.177956506358321,6.504140536673773
110,3.3253818897675838,1.1531858556388266,5.937117412498928,6.048074138719152
120,3.0368699178294434,0.9516469068378876,5.700871622903796,5.7797551069335
130,2.8447204303915776,0.8569328440609087,5.527892078819651,5.593918549130596
140,2.7256790060695435,1.361270537987551,5.303716771206024,5.475624993255562
150,2.57213523829747,0.9723972314119456,5.229524954105732,5.319162304467891
160,2.5399971254530844,1.4192490234918265,5.091728644507818,5.2858271235431005
170,2.3448244425350553,1.09374971818598,4.9595141316316145,5.0786877111991835
180,2.242534774904122,1.307578071989453,4.791463462200007,4.96667721157167
190,2.079829817967774,0.9882710170648422,4.679898331638748,4.78310861236137
200,2.08433027477154,1.3601381060303683,4.591040988165001,4.788280800296381
210,1.946621088631138,1.0452340531116662,4.507806312294072,4.627400131277013
220,1.913613498456785,1.1298360311130908,4.446708785812632,4.588000488559764
230,1.910458886026596,1.4298575211637743,4.355520085530997,4.584217244665937
240,1.9792373291350647,1.807345051388408,4.30175713932197,4.666005853027373
250,1.787844098383706,1.2873895385785494,4.243690994662463,4.434668542543035
260,1.656492681892231,0.5743531851874393,4.229838994510263,4.268655467569916
270,1.694263498296606,0.824843236927923,4.237514851390722,4.317047426339287
280,1.6259794453313396,0.4887746797463227,4.200818159725986,4.229157587350551
290,1.6560428509127327,0.860669332562436,4.180397069660559,4.268075838131284
300,1.644162732820238,0.8688348907277,4.163041675707415,4.252739124496425
