timestep,mse,res_ones_norm,res_ortho_norm,residual_norm
0,91.57571011335992,266.7533302277192,142.89286520250525,302.6147883256202
10,10.03140714638856,15.48826304959051,98.95211394455022,100.15691262408481
20,6.9856195148902165,0.4495979699723832,83.57880937507795,83.58001863418204
30,6.315825816710133,4.0197019564706284,79.37044672226105,79.47217007676419
40,5.557471240447878,4.919889147301994,74.38592562592832,74.54844894729787
50,5.965724926322723,1.6664905662639133,77.22012519748513,77.23810540350354
60,4.8767086791687575,4.590294924662955,69.68240718914188,69.83343525252612
70,4.511345122375316,4.4026021136088245,67.02210245138959,67.1665476437141
80,4.911955701850131,12.94317598739204,68.87982213398585,70.08534584240938
90,5.088551775946895,3.148669016872513,71.2645610340026,71.33408565298146
100,4.5891727313403425,11.22235230904434,66.80742129428461,67.74343312336882
110,4.365351782337173,3.601616534224078,65.97257112374488,66.07080885184601
120,3.9858517748703575,2.0175606871140785,63.10135675042312,63.13360258111648
130,4.201360609047137,10.279177949684168,63.99764925156129,64.81790346075023
140,3.750131334085076,5.777282558327479,60.96518957836776,61.23831589850489
150,4.093003041835541,0.8092616126595062,63.97146346206109,63.97658197993654
160,3.933061607125117,0.09573713687603455,62.714052982770454,62.71412605725378
170,4.091123833728276,3.5327484035065786,63.864258568042565,63.96189360649258
180,4.378014300848624,5.230393688688556,65.95951245051732,66.16656482581384
190,3.929448292673295,8.288436091814116,62.134934777669216,62.685311618219586
200,4.152671036905721,11.092489480290277,63.479348720945225,64.44122156590237
210,4.1183350715974445,6.311722482183084,63.86311322590961,64.17425552039887
220,4.325099559714358,0.5149060561557507,65.7634733835409,65.765489123965
230,3.8931550343212677,3.016851323364425,62.32217616879229,62.39515233029941
240,3.5854504032060843,0.5417841992877824,59.87617951312096,59.87863060563496
250,3.9296254916180002,5.588778894418936,62.437096682079144,62.68672500312965
260,3.8957122518615916,4.898728642644118,62.22310430657835,62.415641083478356
270,3.762606097609333,9.696424821199237,60.56884878628754,61.340085568976285
280,3.6473269330647393,2.3765892140584026,60.346323473533666,60.393103356796786
290,3.97496032399801,2.5006550110567924,62.997674945300055,63.04728641264436
300,3.7070301587533865,4.283881283221226,60.734492011579825,60.88538542830608
