timestep,mse,res_ones_norm,res_ortho_norm,residual_norm
0,549.5848157886937,664.8134190448957,328.0364821883827,741.3398787254695
10,22.89347464498622,83.33856992406263,126.28601430086523,151.30589758825073
20,11.460399274721834,22.923568047620783,104.57011668104771,107.05325438641196
30,6.144581015368974,0.39213349940590064,78.38639707683737,78.38737790849349
40,4.0476099107171715,5.963035263211774,63.34076192442639,63.620829220603305
50,3.8501727212799772,7.23990181154701,61.62594050429685,62.04976004208217
60,3.567316101595705,6.711354963173957,59.348747384877335,59.72701316486289
70,3.5959766706548857,13.025436983018002,58.53473039193324,59.96646288263871
80,3.3887465442076175,6.701848588521754,57.82587456929766,58.21294138082715
90,3.8797294067401618,7.73077883860436,61.805861091718064,62.28747391522762
100,3.479565104595182,7.782827421890814,58.472153217717626,58.987838616067144
110,3.617108610076953,10.943001440550237,59.13847588118134,60.14240276275095
120,3.3980662479339827,6.5986794745262385,57.91824994875491,58.29293480288999
130,3.3958315377041095,7.321993855905403,57.81193599662783,58.27376371665133
140,3.6787413317077426,13.063361571568066,59.22913063821063,60.65262839900463
150,3.6971813221651555,11.981020919718004,59.61238512160401,60.80445149958312
160,3.731536909825742,11.704059629859602,59.95458196006735,61.0863070567025
170,3.6341775917051486,11.789307260440332,59.12013046352382,60.284140465840174
180,3.6719239703554307,14.062141312486002,58.94217634311703,60.59640228887711
190,3.8404288689120913,14.892844015107556,60.15506683608427,61.971193863859774
200,3.666838307278418,9.98785161917329,59.72504606370593,60.55442434107039
210,3.76889014844147,12.43667533100367,60.11837701695443,61.39128723557985
220,3.807926853452383,15.088042653989689,59.835422805590426,61.70840180601328
230,3.4871911082608986,9.755151144911936,58.24112064856601,59.05244371116998
240,3.6148878382525,10.198063228067237,59.25274124164082,60.12393731495385
250,3.579836616198154,11.796702324819602,58.65726238461653,59.831735861482024
260,3.1912928668370104,4.536882052498301,56.3090540506474,56.49152916001664
270,3.2974626470019293,8.907093752137591,56.728531867945954,57.42353739540894
280,3.376779329961175,12.46932871212108,56.75645488779446,58.11006220923511
290,3.5505210935984355,13.432117332199399,58.052556511944104,59.58624919894216
300,3.7388679342908144,14.42302922613369,59.42090677726913,61.1462830782936
