timestep,mse,res_ones_norm,res_ortho_norm,residual_norm
0,162.29587602367127,41.05112803772758,10.002975711780953,42.25227374071582
10,0.4234113727941995,0.42178268642155803,2.1165123354639843,2.1581300008887774
20,2.822504288635356,0.2358343475523079,5.567039548584462,5.5720325891894165
30,1.3787384923782728,1.7454165760785858,3.48132796388262,3.8943707342985467
40,1.816401241885361,0.48383839986803373,4.443682489057034,4.469945599304198
50,1.7802367159648957,1.8836802098123735,4.004291790413763,4.425223596115099
60,1.645398903948912,1.2107080212187864,4.078427887163695,4.254337544605274
70,2.3759115940946716,0.5394046083581493,5.083706345130821,5.1122429064982216
80,1.8455897798017038,1.4287751783499991,4.273182545544909,4.50571721014743
90,1.4970508019338966,1.5678383361189916,3.7429188841155105,4.058024004521519
100,1.8467858015002554,1.2340737699441546,4.334940108794887,4.507176923141891
110,1.4172926228200204,0.6195319500824,3.8995383077804635,3.9484451181471707
120,1.9446228070130016,1.2172020845968399,4.461980497760622,4.625024419086133
130,1.7268796683460934,0.9726836358201548,4.2484777151839594,4.358402958860852
140,1.660473653107961,1.3459457694685861,4.056308687690963,4.2737817192958705
150,2.0703227765571004,1.6491734931378015,4.478144407191416,4.772164136126094
160,1.5802951289352383,2.4142389697699276,3.3992200009902054,4.169322057395856
170,1.901586274692775,1.6274504938680403,4.274207986472956,4.573559775669334
180,1.2709489765408162,1.999815028654251,3.1593003328454823,3.7390424899897807
190,1.7773272022422597,1.366214599783068,4.205241597340686,4.421605955381467
200,1.391766206349966,1.5473366166980056,3.593769283701333,3.912726449657531
210,1.2724301023767863,1.190890392463888,3.5466196863043913,3.7412205396293667
220,2.3143785278595987,1.1360049191451735,4.916061088934265,5.045608368319482
230,1.4324701570021074,1.442667931268486,3.698091530386003,3.969530416437589
240,1.188717794172142,2.0954440505020244,2.947034096699465,3.61606080367761
250,1.5043129864789222,1.4992787322285261,3.7814820023841667,4.067854821803274
260,2.081375964203482,0.22159620970848146,4.779752161575026,4.784886164397048
270,2.0320463654733874,1.2290482695214417,4.565298497512908,4.727844119702685
280,3.029924456597918,0.015419660042772121,5.7731214482861235,5.773142040741514
290,1.3708312178326687,1.726736152215229,3.478149746171418,3.8831872728673997
300,2.069862184887703,0.1147307887627949,4.770253754243541,4.771633266897691
