timestep,mse,res_ones_norm,res_ortho_norm,residual_norm
0,1777.4178389812532,1196.2895728833535,588.4803282963808,1333.1983494518936
10,52.89266406503591,1.2775462777945603,229.98050339223107,229.98405176236875
20,45.10334075050363,10.256809348456885,212.12764697816507,212.37547116016864
30,41.08603539127629,15.518271873546214,202.1020005574784,202.69690523359327
40,49.56417314263675,54.01424333934925,215.97831988214537,222.63012631411038
50,44.773079241163835,37.718908084129446,208.20750037908056,211.59650101351826
60,43.02577525706624,18.94915527150198,206.55920403497578,207.42655388610746
70,41.06652108151197,10.629892252065057,202.3697765779798,202.64876284229314
80,41.70276358377288,11.439584573848137,203.8918818603395,204.2125451184938
90,42.00059360192329,2.6419488899670416,204.9234337697524,204.94046355447549
100,39.482500080540326,10.408352534977528,198.4292475368688,198.7020384408281
110,42.67539184777044,11.344514721720866,206.26849937278138,206.58023101877498
120,40.75070128967071,5.823129668915072,201.78402426983587,201.86802938967506
130,46.44079287411362,29.82690373372471,213.42715077462083,215.5012595650281
140,42.19056396215163,8.930883265259906,205.2091695959368,205.40341760095333
150,41.04830823700563,15.828538927851802,201.98456770856308,202.60382088451746
160,45.87039306770286,29.192139508073407,212.17495624753653,214.17374504757314
170,42.48319079943664,0.8628068844484987,206.1127030624672,206.11450894936203
180,43.69641591164821,6.230141306779503,208.94401463297714,209.03687691804097
190,42.495014264443576,7.7135675432587725,205.9988231524616,206.14318874132994
200,40.41287698503024,14.184287334715481,200.52850913981402,201.02954256782817
210,43.105904970606595,15.795796147429682,207.0178682980661,207.61961605447254
220,41.040243143282815,8.3800056855281,202.41052010207702,202.5839162995987
230,45.07033102431342,6.579780140338648,212.19575282653096,212.2977414489222
240,42.47321496947276,10.819582206276616,205.80610197551087,206.0903078009074
250,41.84602378524613,7.158206722951552,204.43772612156891,204.56300688356663
260,40.11506806866905,7.5140405508245385,200.14646452852875,200.2874635833932
270,41.56255779642657,1.5920320677620352,203.86275586855433,203.8689721277531
280,39.65105592649053,16.521072627395903,198.43918485453125,199.12572894151705
290,41.419275642179436,17.73066685852827,202.7434316936835,203.51726128802792
300,42.426128335849704,1.292038350554055,205.9719858931073,205.9760382565159
