timestep,mse,res_ones_norm,res_ortho_norm,residual_norm
0,308.3410619025268,57.335785453876575,10.21564424374834,58.23874724723906
10,5.980630097559753,0.8260901796737904,8.068736337754743,8.11091431795191
20,2.5952383985661185,1.9172567376879615,4.987158407953112,5.342997509285149
30,1.4163875858496124,0.5495738202713347,3.9087379114514835,3.947184242513356
40,1.1701697498399295,0.41008603132920257,3.564224557340333,3.587738458728454
50,1.1231915596230817,0.08828760874371129,3.5138742797653157,3.5149832369235985
60,0.8985279048129334,0.36869992102633575,3.1221574785999247,3.1438522473141557
70,0.7624163102644477,0.1363618902598434,2.892746938083884,2.895959152493164
80,1.3064410381503104,2.700570833458218,2.660407599058498,3.7908905839727707
90,0.6130370942664748,0.2858497044077029,2.5810265367526255,2.596807277587465
100,0.7854828324756492,1.1753660110376658,2.6942208330665003,2.9394406197833187
110,0.761191369060641,0.10690235820502407,2.8916564362796033,2.8936318113517916
120,0.6940422600533,0.9463216541319991,2.595946876865391,2.7630535392182143
130,0.7367414937312314,0.7506627924880784,2.7460265481268644,2.8467800110025268
140,0.7160305271524408,0.9262535502585277,2.6492244448725595,2.8064810347972866
150,0.7255429755727205,0.9606122165183881,2.6567267267778134,2.8250615446924203
160,1.622025354076216,3.194730533638484,2.7633269282291484,4.224012179769179
170,1.0419878617534768,1.3026487956650683,3.1248956133670442,3.3855378419518876
180,0.5543959151154395,0.731482564637067,2.358662401426243,2.469484777493037
190,0.6030719782761611,1.075858881115446,2.340153719088298,2.575614831654332
200,0.95422773823774,1.7298916846476378,2.739339314506711,3.2398310327261113
210,0.578338225598261,0.8938738028039773,2.3585398250276857,2.522245127179527
220,0.7339718721610752,1.3115030854000742,2.5206448085277535,2.8414240432874194
230,0.8075046543148139,0.8209503921967297,2.8650639872461814,2.980360917315712
240,0.7896005617475012,1.2169910990878152,2.684127203387266,2.9471352495639747
250,0.6961827431944617,0.45236605919583256,2.730087017592427,2.767311000798262
260,0.687965047620801,0.28996890780928525,2.7356047880373184,2.7509299380080203
270,0.5597079107846646,0.7123609768127103,2.376831684689884,2.4812873712311743
280,1.0116207942901492,1.650289033206125,2.8990299832997994,3.335840034712642
290,0.7080183613600328,0.9753771060391286,2.61473545047584,2.7907350241397624
300,0.748586266600979,0.9110243955854284,2.7211180575746754,2.8695729530037686
