timestep,mse,res_ones_norm,res_ortho_norm,residual_norm
0,196.87927155070702,396.2409370288963,199.68072358935734,443.7107971987013
10,5.529733527346183,8.641855662550169,73.85832287598893,74.36217807021377
20,3.6259962602159126,9.162173755218356,59.51513112054026,60.21624581635684
30,3.247104158813158,2.924131143702842,56.90829127524024,56.98336738745051
40,2.8615466853067972,2.2874333801350017,53.44449769469484,53.493426561651454
50,2.63543559254868,3.1205036640780333,51.24156564188057,51.33649376952696
60,2.4098807256600954,2.576398909895304,49.02288133430333,49.0905360090934
70,2.3675682706302927,2.4230163982990907,48.59729686066773,48.65766404822875
80,2.2643560575909922,0.563388958198367,47.58191516188448,47.58525042059769
90,2.3392286619133285,3.114162541660041,48.265211628847645,48.365573106429004
100,2.150689234084209,0.1737760732932853,46.37519850049766,46.375524084199945
110,2.0421891377480903,4.6614139896915985,44.949531225195194,45.19058682677279
120,2.1152612797954764,0.6943525215789806,45.98672802419468,45.991969731633326
130,2.0361736009793705,2.1009963224558508,45.07504204581951,45.123980331741244
140,1.9083768206612892,0.6486098580103891,43.68015711868926,43.684972480949206
150,1.8439536837439578,3.146191669167643,42.82587023896674,42.94128181300551
160,1.8174659349262565,2.3751296129573682,42.56553411209485,42.631747969397836
170,1.804158836451945,5.6986441182709395,42.09138025374366,42.475390951137165
180,1.7971816806705998,1.9883283613992906,42.34652560715997,42.393179648035364
190,1.7517699607000072,4.673292102510901,41.59243082129987,41.85415105697411
200,1.7415909958019913,5.962904374912219,41.30417372636383,41.73237347434233
210,1.7336180309326392,4.37810042720292,41.405920682699055,41.63673895651098
220,1.7272563471485702,2.2021764940240156,41.501888702054735,41.560273665467726
230,1.6930056700922456,6.693280020103858,40.598099372565756,41.146150124795945
240,1.6563647081835042,6.738357688664962,40.13675676786945,40.69846075938873
250,1.6670544983641329,4.353718170374501,40.596793425800065,40.829578718915684
260,1.6129811526341111,2.331100282962235,40.09422806470882,40.16193661458709
270,1.6673624557177527,1.401794606602997,40.80928114533079,40.833349797901136
280,1.6369925994046752,2.695089777723725,40.369903275765765,40.45976519215942
290,1.6487854109396498,0.8316611586714757,40.596720934784955,40.60523871299921
300,1.6430115244505104,0.9174566207325151,40.52369427630685,40.53407855682068
