timestep,mse,res_ones_norm,res_ortho_norm,residual_norm
0,352.6988463669601,532.1029023742987,263.75243629549186,593.88453959247
10,174.35502972299778,383.01972914874443,166.28564822563658,417.5584147433719
20,99.07033495925049,286.7346523602603,129.82131602741944,314.754404193572
30,61.611241428283655,219.31366067829998,116.24439628716388,248.2161183893658
40,41.9895063883044,168.93704296270826,115.97319476206754,204.91341192880566
50,29.923640655438728,131.17570063746095,112.76779778691241,172.9845098713718
60,23.129988127189804,104.34640104387259,110.64274362280213,152.08546323429405
70,19.24415858164929,86.989122215431,108.06040531960868,138.72331664738013
80,16.279376872639215,70.03619186846345,106.65040413051884,127.59066138491177
90,14.371403844349759,58.902972438861255,104.41189435220737,119.880790138995
100,12.89049350844021,48.74951876897483,102.53769028134766,113.53630920740822
110,11.923826427770164,42.87216404979311,100.42810352415201,109.19627478888721
120,11.270186091271702,36.69742915876529,99.61668928653025,106.16113267703817
130,10.601118427505495,32.81665104111173,97.59193533254374,102.96173283072451
140,9.973467766213172,27.752756449515072,95.93358262708148,99.86725071920812
150,9.604737349152131,24.763621043956675,94.8235225138965,98.00376191326602
160,9.16747011634907,23.762202318898325,92.75143048656884,95.74690656281837
170,8.905294617429195,21.09054177329378,91.98088749918725,94.36786856461895
180,8.65836987381447,17.757983013327884,91.3401549873484,93.05036202946484
190,8.406808238391404,16.525240835873966,90.18716457294671,91.68864836167782
200,8.266005077047847,13.867881881661399,89.85369735945277,90.91757298260796
210,8.051890194856458,12.321491257455145,88.88234384875837,89.73232525047179
220,7.901696524135351,10.208811850618854,88.30332204812011,88.89148735472565
230,7.7324854858072944,10.039433809850053,87.35957448720166,87.9345522863868
240,7.510283854477148,10.611908318574688,86.00971605763682,86.66189390082096
250,7.33778387324833,9.83481036573795,85.09442037124585,85.66086547104419
260,7.2154307259789645,7.903693944305224,84.57518754347352,84.94369150195301
270,7.10282767711587,7.2062868719004465,83.96962014107093,84.27827523814112
280,7.0317473069135605,5.687218701910299,83.66243392556902,83.85551446931538
290,6.922819246656521,5.56692210334811,83.01703816055941,83.2034809767988
300,6.809918081379533,5.13932257138321,82.36203885824345,82.5222278018446
