timestep,mse,res_ones_norm,res_ortho_norm,residual_norm
0,2234.162252035051,1346.088202048897,649.7759647292412,1494.7114276792865
10,363.8242269441792,33.99839290149569,602.2195083391894,603.1784370683183
20,281.66189577240976,90.89899690890014,522.8759586492436,530.7182828699325
30,256.32764934683564,232.28264422529122,449.8582249315249,506.2881090316418
40,175.57891167510843,146.91459436416275,392.4219841419717,419.0213737688191
50,140.62436633065315,85.56199228814202,365.10753457897454,374.9991551065857
60,137.41618838778797,152.86302263266796,337.711540666576,370.6968955734428
70,123.87975191485002,190.06531007715063,296.2345857932976,351.9655550119216
80,85.63946937577666,145.47939272423113,253.91970319052746,292.6422207675725
90,62.93883490072396,124.65128822944762,217.71745736955305,250.8761345778509
100,40.32908503617208,15.884550104280427,200.19182326997444,200.8210273755517
110,47.96335524681814,101.06850034858995,194.2897668023337,219.00537720982592
120,30.66343651565671,11.830029926353872,174.70972184626214,175.1097841802585
130,45.55589807486581,130.41052059411652,168.9644761280823,213.43827696752476
140,71.14509914668979,204.06553566858122,171.76249968775144,266.7303866204407
150,63.717719760890574,191.13909002219646,164.87440076123784,252.42369096598395
160,33.05334706701498,104.39433557542245,148.8461278192385,181.80579492143528
170,21.747647046750192,34.23262594846793,143.44258212756236,147.47083456314402
180,17.69888872601298,20.183806986469623,131.49715837821714,133.03717046755384
190,31.406318840965508,106.06556544178713,141.97328857387035,177.21828021105924
200,22.379924544325164,61.622669269590666,136.3179048269735,149.5992130471453
210,19.29882487434735,24.474040284377473,136.747381059039,138.92021046034787
220,20.66158975448717,43.89003478319508,136.8767862028368,143.74139888872367
230,16.860429306585807,32.95241215286961,125.59684645680088,129.8477158312221
240,16.36390656315641,4.1968756340634235,127.85262139693738,127.9214859324125
250,26.418150771682136,100.2999319554987,127.89868811447779,162.53661363422745
260,17.467103429756467,46.39708432034055,123.7514201790334,132.16316971742341
270,21.903628949254372,82.27901773008392,123.01947890731333,147.9987464448749
280,28.09223985575737,106.29604679283828,129.58931395748692,167.60739797442525
290,18.521124873253182,50.242295099434976,126.47860157510625,136.09233950980922
300,23.143410170762923,66.62230591928459,136.76577980167474,152.12958348317045
