timestep,mse,res_ones_norm,res_ortho_norm,residual_norm
0,2447.0164964609266,1404.8455614696543,688.059187047116,1564.2942486824295
10,345.9452361254746,4.869809571758505,588.1509339278563,588.1710942620987
20,298.21242232644795,83.1665248915441,539.7182148713458,546.0882916950774
30,255.88205480885662,35.28828664982706,504.6154888964233,505.84785737300166
40,239.95035849430437,89.67999502728533,481.5681228925047,489.84728078688397
50,217.22465300708345,34.18413855195724,464.81834911989444,466.07365620369865
60,203.83743779747996,44.768391398547585,449.25853239428454,451.4835963769669
70,191.93279963552553,13.854164122073636,437.8822464681621,438.1013577193359
80,186.32911947669967,29.36033967973041,430.6589020682036,431.65856817246157
90,182.0701853521712,42.670549765319585,424.55789891944835,426.6968307266544
100,181.59817527451662,57.59052774359601,422.23394746127497,426.1433740826163
110,184.59042268003677,106.02922489583186,416.35108520097066,429.6398755702696
120,168.8480180501403,21.75510189021364,410.33490418423656,410.91120458091706
130,175.89353033159563,109.07519706064036,404.96435857711987,419.3966265143243
140,160.16097022088482,55.647995525997416,396.3133492765836,400.20116219332095
150,157.9885099286286,56.3625102138423,393.46127810881615,397.47768481844184
160,152.15843096765823,23.169150929297803,389.38621112319015,390.07490430385064
170,149.61536864952768,0.51669989924466,386.80111384371924,386.8014589547559
180,150.42383555228392,49.84857801084288,384.6283333590764,387.8451179946499
190,145.16083110714652,6.199497067844263,380.9493369770478,380.99977835577084
200,143.71421679935492,20.169652140468607,378.55964118205657,379.0965797779702
210,143.56273279969142,34.404902505628456,377.3314663306913,378.89673104909656
220,143.3835600243855,36.193555868718406,376.92650018002644,378.6602171134241
230,142.8788508275776,48.459201817254836,374.8740542993235,377.99318886400266
240,136.3226997927818,21.670245119975664,368.5825555682498,369.21904039849005
250,135.9922861767186,2.787833057214331,368.76078175907446,368.7713196233115
260,136.14857108267705,52.615850224873114,365.21246335221196,368.98315826427233
270,133.41294462829907,10.20576677138848,365.11475860735493,365.2573676577915
280,137.1780621328939,56.3982271827895,366.0564192901586,370.3755690281068
290,132.0305580295736,16.757042418789148,362.9734970475785,363.36009416221475
300,132.01292065781607,12.452959621424414,363.12235466090937,363.3358235266873
