timestep,mse,res_ones_norm,res_ortho_norm,residual_norm
0,115.71003380197294,34.39143751737344,9.48890917388825,35.67646804017604
10,10.935841611507179,4.547411660067449,9.980746711567306,10.967873892718632
20,7.884300854261847,1.8022723054315928,9.136691082331426,9.312749830038404
30,5.5797780209815295,2.53854168167014,7.4117045516682705,7.834383079145213
40,6.324638193264789,3.250251229771878,7.681594044811211,8.340924416748583
50,9.412602615437153,4.35249467087536,9.197522433232239,10.175393298040557
60,6.336518182092101,3.459211711937411,7.598391562364245,8.348754398292785
70,7.840057805615651,3.3557269691523848,8.65908380663194,9.286583648563779
80,7.8353203828726175,0.6999088892716963,9.257356629098679,9.283777475338301
90,10.481405650684128,7.4483036663565345,7.734224890140265,10.737572451794
100,10.658457549280259,4.132755282229257,10.008165007596997,10.827882204848871
110,10.265460510442363,5.197995183953101,9.26827447168384,10.626385350384485
120,7.340531776146993,2.7651121148418585,8.549854064834774,8.985869436933575
130,6.051225577613538,2.3978094565544814,7.798332588688868,8.158644578221857
140,8.730410932162155,5.6096138894921035,8.035343941898253,9.799720417123321
150,5.975460763583071,3.5322805626676597,7.297469590619341,8.107408241812779
160,7.433442339308081,4.121220762334342,8.048813897742527,9.042558583298694
170,6.769327459119471,1.801725074636014,8.438980317890428,8.629171573813686
180,6.41662663770704,3.4905123687854354,7.641938001458357,8.401362568939483
190,10.069026891831774,4.223271194275381,9.63967199803776,10.52422423792602
200,7.403940746732692,4.833207993121589,7.621249812811885,9.024596844959868
210,6.6680377541926275,2.0286202005476994,8.320643928089263,8.564368937412663
220,6.014563027779448,3.9932290984137504,7.086205943461962,8.133891645797473
230,5.877322396321511,3.4940093565067833,7.241715610004281,8.040556346393988
240,25.306963482772762,2.1156592658270204,16.5499421201834,16.684621611247298
250,10.495563400991443,4.480827316701581,9.765929754447694,10.74482188828209
260,6.559102386316155,2.965930345707567,7.95948386730501,8.49412304181413
270,11.815032885417422,4.358454463604026,10.534193677177278,11.400235161591695
280,11.618264873493848,5.272527246406008,10.000068501982305,11.304906616528609
290,7.07636352706817,1.7601063992336374,8.645346971702562,8.822697931911183
300,10.372383053822,5.652365396027153,9.063497063597298,10.681582916030845
