timestep,mse,res_ones_norm,res_ortho_norm,residual_norm
0,0.09942697493698624,2.2587763455525813,9.712100923989535,9.97130758411284
10,0.09417767728517203,3.912083606335273,8.881062951145816,9.704518395323491
20,0.10419245969540006,5.277842514929792,8.737095517561862,10.20747077857194
30,0.10911463647467708,5.71549950106495,8.743437649346127,10.44579515760658
40,0.1113422556897145,5.900224459555091,8.748120199024608,10.551883987692174
50,0.11235953100713905,5.997588234196411,8.74004956394229,10.599977877672154
60,0.11147868495447687,5.952815449913835,8.72024501798797,10.558346696073057
70,0.11135039187707857,5.952446815256269,8.71313771201994,10.552269513098999
80,0.11172912496140958,5.97579234340917,8.718889311710633,10.570199854374067
90,0.11128978257261206,5.945657063900623,8.714295419085852,10.549397261105113
100,0.11152430217200189,5.976405083485515,8.706714905754662,10.56050671947146
110,0.11157132024680443,5.965742078461361,8.71672195840156,10.562732612671988
120,0.11148123983057784,5.963993559222398,8.712750464470538,10.558467683834516
130,0.11151110482395732,5.949772548204114,8.72417970061335,10.559881856534064
140,0.11151233070268635,5.964826258798181,8.713964562989572,10.559939900524355
150,0.11115131260756378,5.934009811188267,8.714289424174822,10.542832285850125
160,0.11112075422105809,5.9408914587973,8.707844905362485,10.541382936837941
170,0.11125056573020924,5.9143611669707035,8.733321116095421,10.547538373014303
180,0.11170743781169008,5.982648937671468,8.712941495285536,10.569173941784197
190,0.11098278188450125,5.914766932551903,8.717701188850864,10.534836585562267
200,0.11172981812214944,5.972396689958088,8.721255408479161,10.570232642763802
210,0.11149803794329863,5.921104047928413,8.74291512007891,10.559263134485219
220,0.11150192184717962,5.921925053683155,8.742581169525355,10.559447042680768
230,0.1114659787454152,5.921792012510162,8.74061543061963,10.557744964973116
240,0.11180722408772104,5.970581163738896,8.726934436268401,10.573893516000672
250,0.11173297439497426,5.959012572901183,8.730586667056226,10.57038194177364
260,0.11229456856801837,5.9886827037245185,8.742439478894275,10.596913162238254
270,0.11173745066439814,5.9478593523409975,8.73844492968674,10.57059367606182
280,0.11187673364855057,5.969925813838075,8.73136412170632,10.577179853276135
290,0.11204476524318152,5.97574598491277,8.737003214316706,10.585119991912302
300,0.11256257871184715,6.017237697580605,8.738159371553143,10.609551296442614
