timestep,mse,res_ones_norm,res_ortho_norm,residual_norm
0,1816.7368976299133,1213.5313828463106,586.5820321805263,1347.8638275545172
10,272.6970444826767,81.33411381732382,515.8311801473687,522.2040257243108
20,177.42957162660852,2.2503714831966235,421.2178859625932,421.2238972643985
30,160.93446342781257,119.07625726609412,383.08655468876935,401.1663787355722
40,124.41220846905755,60.260696790664056,347.53540379558626,352.72114831557457
50,110.7799612561542,46.44043068806119,329.58041151388466,332.83623789508584
60,105.07513245930568,71.288431037377,316.21684341529755,324.1529460907392
70,95.71906227687545,69.23095944135048,301.539610220126,309.38497422608526
80,92.33353504200794,79.9614646871349,293.15473594519335,303.86433657474174
90,85.46475286468758,62.256577956698216,285.6376574715055,292.34355280164397
100,84.15278338466533,68.2780804167755,281.9412831056595,290.09099156069175
110,82.30571066091728,77.61878659672576,276.1902145771447,286.8897186392661
120,74.58218080045975,3.236059598760218,273.0782098936732,273.09738336435913
130,77.16295927410012,59.46619446415179,271.34246072086063,277.7822155468203
140,87.83228169668229,122.51376602324709,269.8567376062405,296.3651155191553
150,82.26204931422168,99.88463067408219,268.8589032733042,286.8136142414123
160,74.88568969429356,53.719657073980365,268.3279488576386,273.65249805966243
170,77.13547117750976,84.79634954460505,264.47126551181117,277.7327333562066
180,70.26812587963244,39.59033519401855,262.1082433630383,265.0813570955763
190,73.86774054874655,78.78127587599248,260.11776394567397,271.7862037498345
200,74.36261576237742,71.06988480356647,263.2711287558611,272.6950966966172
210,72.82045774371346,59.47070542348844,263.21795710047235,269.852659323034
220,72.5294436840922,61.13972312659411,262.281104809507,269.31291035539346
230,71.71621743766384,68.9752096210602,258.7636719004324,267.7988376331455
240,74.54756235091108,84.6922574210407,259.56653074662626,273.03399486311423
250,71.68558177912627,75.03516110592244,257.01226892297285,267.7416325100119
260,75.741456346177,97.39006845892469,257.40363422403925,275.211657358799
270,71.70978670319894,66.16931551154941,259.48296357936863,267.7868307127872
280,70.24563729253146,49.42711554853203,260.38931917627406,265.03893542747915
290,71.69812704159979,77.89649919671085,256.18404020253996,267.7650594114172
300,72.55511023556423,72.27531272427473,259.4829270032472,269.36055805474604
