timestep,mse,res_ones_norm,res_ortho_norm,residual_norm
0,21.53394299542502,126.51609706524958,74.34796687738914,146.74448199310604
10,4.668839533986016,23.992730314110794,63.97803080792939,68.32890701588907
20,3.581369464023093,0.6184099845561397,59.84134885774295,59.844544145837496
30,3.2930662610925157,4.903889362811845,57.17532798515298,57.38524428015024
40,3.0772747932813362,3.5603155441574206,55.35881995226566,55.47318986034007
50,2.9480359795647577,3.6822879456167033,54.170810729121676,54.29581917205742
60,2.794745593322776,1.1753656069655452,52.85228575012379,52.86535343041581
70,2.663334120298904,2.026887527508939,51.56768219776542,51.607500620538715
80,2.557132062311036,0.10195936568071451,50.56799053352611,50.568093322875406
90,2.4867867645116983,3.098328080364484,49.771348460918,49.8676925926165
100,2.4308090095865564,0.9061297689483632,49.29490783466768,49.30323528518748
110,2.365429352277266,1.676418016156714,48.606779104486755,48.63567982744012
120,2.3047755511966534,0.8792924916541377,48.00002495739741,48.00807797857204
130,2.2484552648173497,2.042334485848885,47.373876078122024,47.41787916827734
140,2.2051734634740003,5.154917198601171,46.675478488705025,46.959274520311745
150,2.138029187386101,1.9688433611084357,46.196892137951444,46.238827703415026
160,2.0941424528218473,0.5895829950755833,45.75800306737353,45.76180124101156
170,2.0627640971184196,0.4313771719098873,45.41561417457628,45.41766283196901
180,2.044483276754662,3.65646214851738,45.06787726653123,45.2159626321796
190,1.9905182463014346,0.6377319382069662,44.61066626129255,44.61522437802409
200,1.961766356607225,1.5115350134650078,44.26603233304623,44.291831714292705
210,1.9410280845221435,1.4356945160873176,44.033701477148384,44.05710027364651
220,1.9236845470429826,1.2828767405040018,43.84106265034706,43.85982839732712
230,1.8917248057486207,0.16639574671558635,43.493644572559056,43.493962865535956
240,1.8560513949573092,3.095251253761704,42.97058080400352,43.08191494069535
250,1.8219363278939735,0.5552056203678276,42.68053507880478,42.68414609540612
260,1.7969087999069913,2.794318687435364,42.29776096887448,42.389961074610476
270,1.7663318441004627,0.5760945635904046,42.02380229291804,42.02775088082234
280,1.7453538886322522,0.03561962022684019,41.77741758264754,41.77743276737157
290,1.7240507918388717,0.6285440016511309,41.51693298254172,41.52169061874614
300,1.7142100220412544,0.8100560125023883,41.39509429024004,41.40301947975841
