timestep,mse,res_ones_norm,res_ortho_norm,residual_norm
0,47.86319505984037,76.3296543889661,3.618516016478831,76.41537670718195
10,1.9934367246390652,14.049047268660495,6.769309510497292,15.594847880180362
20,0.482806586450072,1.5929578400730242,7.507655350817502,7.674790130479711
30,0.575248217910461,3.600189137100736,7.5643189225586,8.377367282450749
40,0.46733517472153524,2.908701814305863,6.968094794955151,7.550820572363463
50,0.4071972622339985,0.36077692973102077,7.039027347547505,7.048266878641005
60,0.4152684639819554,0.7444311149832549,7.07874105479522,7.11777722367022
70,0.40757460305099735,0.5907177095204054,7.0267456307938625,7.051531859973525
80,1.0104345159454884,8.132800531332085,7.558476464401677,11.102837968075981
90,0.715437608159975,6.89768828089109,6.3012129447571175,9.342557904317047
100,0.38453967316115184,1.662690832446313,6.644493910100265,6.8493678632163215
110,0.36546695175541766,0.45057251408974563,6.662128227804369,6.677347386062893
120,0.36326137910479045,0.3171789823489115,6.649607939114948,6.657168185556411
130,0.7035980003072165,6.999730327293047,6.0698213633231735,9.264931518229394
140,0.3853170152800122,2.622543794121263,6.334898571569836,6.856287323629421
150,0.7928286228086066,6.808524018165517,7.097118617912015,9.834891559272528
160,0.3668292669776216,2.113846577984831,6.347032630766258,6.689781055555543
170,0.36433111423625486,1.015281272119494,6.589203280769725,6.666963022008079
180,0.34078919445467326,0.6624704000271419,6.413845546359689,6.447967255148722
190,0.35163348448544623,1.7739351488502961,6.304953544229957,6.549754583740099
200,0.3390346808403264,0.9116149942516842,6.366411011297913,6.431347530846068
210,0.3368265683907113,0.09274771063959314,6.40969883893447,6.410369828930838
220,0.33351943076523877,0.4281147110701401,6.364439358460763,6.378822034933968
230,0.40066834652701816,3.4217245886307737,6.0969942689702235,6.991533327982941
240,0.343408149463573,1.1657823578477358,6.366847393230568,6.472696056092539
250,0.37226779737600296,1.5986654933334432,6.546826706145298,6.7391892153190325
260,0.474523240632256,3.62458443990431,6.689859714159841,7.60866843522145
270,0.33136722786512957,1.0199499517399813,6.275866784396512,6.3582074360267455
280,0.3314406602413458,0.1324344182183665,6.357532671903098,6.358911899802055
290,0.3264531392850942,0.7934189609312204,6.260812195331873,6.310886070337626
300,0.5491228478532768,5.740909186209338,5.833947990323275,8.184924400267834
