timestep,mse,res_ones_norm,res_ortho_norm,residual_norm
0,210.60962185802387,47.03631601119417,10.212287526961894,48.13217053529024
10,45.221873583868195,20.020051903697173,9.83046953079157,22.303376637239264
20,21.739649551201325,11.722489072556659,10.085603353642473,15.464027452873154
30,17.056828713577826,8.299508403765731,10.89693884103137,13.697631760613076
40,15.20836930741359,6.603189373951222,11.121598467544457,12.934143279767296
50,14.564623049708187,5.5051657706529555,11.397543743474781,12.657442614793482
60,13.553223968774805,5.288428742901557,11.005361651839321,12.210055841662758
70,13.504158930400363,5.200022869454883,11.022953796126979,12.18793453520341
80,12.919061800737387,4.593312660158031,11.000507198040607,11.920976462023203
90,12.251165242657581,4.281956595740501,10.79016521566875,11.608738849213267
100,12.265830497230992,4.219924476214114,10.822031827923531,11.615684890248225
110,12.252569129174583,4.328484828066669,10.772301495693345,11.609403964929484
120,12.32262316819419,4.4374557573905165,10.763728036853117,11.64254503320198
130,12.20871521232426,4.077537452595907,10.847559894199456,11.588609378849856
140,12.163920106263435,4.186943076465326,10.782978662843435,11.5673299066335
150,13.0586959037467,4.544200937802893,11.09035133699943,11.985226528573154
160,13.309272130208006,4.742260917664782,11.131619595596915,12.099669145571216
170,12.036599364714197,3.565815938038778,10.940180515324453,11.506632566127076
180,12.367016029858426,3.973173261574005,10.965904913045529,11.66349760271089
190,12.073532180694643,4.281395594383275,10.69946287212758,11.524272384304401
200,11.930237091053327,3.776816370136471,10.81518682722845,11.455680163202295
210,12.112082733622072,4.074200795762331,10.799712864037284,11.542656109832034
220,12.193502750416467,4.000088756953145,10.868662299983297,11.581387233599486
230,11.858352991012293,3.3681784462954725,10.913168964835366,11.42111565921365
240,11.680360539457306,3.8914319864647213,10.646160013298203,11.335076794359637
250,12.299268283316621,4.163131785326742,10.86095229961374,11.63150682914655
260,11.828296080498726,3.944403115087601,10.70294076182678,11.406632144743073
270,12.000080753342719,3.9874576489441584,10.77502063963901,11.489163950730703
280,11.815986730161436,3.8513888391909976,10.730454698712952,11.400695331065373
290,12.490505948039235,4.318143119748728,10.897210901225977,11.721585448582951
300,12.325591582535843,4.23862483029808,10.845071090402072,11.643947243434859
