timestep,mse,res_ones_norm,res_ortho_norm,residual_norm
0,91.8440820996982,267.1864248320811,143.02271317923248,303.0578857243253
10,20.445997953801562,87.10370728226992,113.39727567929575,142.98950294969754
20,14.136952936561038,42.866373089698115,110.9027817265908,118.89891898819366
30,12.451121506343261,24.297979288802253,108.90697731928931,111.58459349902773
40,10.82526168511488,17.93515040266467,102.48703364401115,104.04451780423071
50,10.192386718044146,13.384809824853816,100.06614604348785,100.9573509856719
60,9.241186984377254,13.052507937693742,95.24084743907783,96.1310927035434
70,8.194003254794923,8.971788530810453,90.07502575827188,90.52073383924217
80,7.881286881793023,6.808124118699381,88.51517569195356,88.77661224552908
90,7.42147738958678,11.660245347999082,85.35523456713857,86.14799701436348
100,7.269148793534662,10.043326164062782,84.66569785395332,85.25930326676769
110,6.9931125951130895,7.242018035394087,83.31065820102562,83.62483240708521
120,6.715811309670806,6.1088216769838795,81.7220509250081,81.95005375026184
130,6.366074833297541,5.358291057204068,79.60755962999889,79.78768597532793
140,6.057259129094283,1.5758662764952958,77.81243971610766,77.82839539072023
150,6.031513642840823,1.04831443828728,77.65574466631108,77.66282020916329
160,5.835725700903604,1.6180289990553975,76.37478434052575,76.39192169924516
170,5.766486947617012,2.814857698490502,75.88519963572779,75.93738833813691
180,5.838054574779278,3.714004557670658,76.3168444376789,76.40716311170883
190,5.61861658987104,1.597812245528444,74.94040022510607,74.95743185215886
200,5.488229618594895,0.07431233176485749,74.08254920203706,74.08258647344121
210,5.531882713214257,0.1580676370740999,74.37645950054606,74.3766274659873
220,5.494839566062834,1.258509377346745,74.11650099815806,74.12718506771206
230,5.401765395964946,1.7996505351979009,73.4746667492688,73.49670329997765
240,5.234296755341857,1.4633513268711953,72.3336391883887,72.34843989570098
250,5.325115578639798,0.8087656203426794,72.96890760324668,72.97338952412584
260,5.164810261552769,1.3324707959514404,71.854260716611,71.86661437380204
270,5.1436471738930925,1.4605415245240796,71.70435127904187,71.71922457676946
280,5.090237587369005,1.0516725095531672,71.33814948750532,71.34590098505313
290,5.096550893882741,1.683864286239571,71.3702703858425,71.3901316281371
300,5.088529685728612,1.495732516073385,71.31824780495502,71.33393081646778
