timestep,mse,res_ones_norm,res_ortho_norm,residual_norm
0,2292.55419921875,1371.4471435546875,641.6290283203125,1514.1182861328125
10,220.0137939453125,85.927734375,461.1183776855469,469.0562744140625
20,196.969970703125,156.93833923339844,415.1388854980469,443.81298828125
30,116.22498321533203,79.80574798583984,331.4453430175781,340.9178466796875
40,63.11204147338867,55.40695571899414,245.03492736816406,251.22109985351562
50,39.99531936645508,11.889575958251953,199.634521484375,199.98829650878906
60,48.549774169921875,105.4649887084961,193.4603271484375,220.3401336669922
70,30.432876586914062,4.719491481781006,174.3863525390625,174.45021057128906
80,28.921499252319336,44.22614669799805,164.21189880371094,170.06321716308594
90,27.440719604492188,51.33797073364258,157.4964599609375,165.65240478515625
100,24.644712448120117,56.807010650634766,146.34776306152344,156.98634338378906
110,15.586068153381348,12.934151649475098,124.17234802246094,124.84416961669922
120,11.504080772399902,24.003604888916016,104.53662872314453,107.25707244873047
130,10.438244819641113,29.01087760925293,97.9623031616211,102.167724609375
140,9.270270347595215,0.4674627184867859,96.28112030029297,96.28224182128906
150,8.764008522033691,34.16854476928711,87.15801239013672,93.61627960205078
160,6.874229431152344,6.263961315155029,82.67401885986328,82.91097259521484
170,9.182596206665039,46.96492004394531,83.52779388427734,95.82585906982422
180,6.713926792144775,27.545568466186523,77.16973876953125,81.93855285644531
190,5.702503204345703,2.533409595489502,75.472412109375,75.5149154663086
200,4.770266056060791,9.498092651367188,68.41090393066406,69.06710815429688
210,7.683038711547852,54.0630989074707,68.99434661865234,87.65294647216797
220,4.661672592163086,22.254655838012695,64.54767608642578,68.27644348144531
230,6.598601818084717,48.9831428527832,64.80165100097656,81.23177337646484
240,4.657254219055176,19.39488410949707,65.4300537109375,68.24407958984375
250,4.638148307800293,5.945493221282959,67.84393310546875,68.10395050048828
260,4.253171443939209,5.724871635437012,64.96459197998047,65.21634674072266
270,4.286221504211426,12.201483726501465,64.32218933105469,65.46923828125
280,4.7738823890686035,27.494909286499023,63.38699722290039,69.0932846069336
290,3.8006937503814697,2.138862133026123,61.61265182495117,61.64976501464844
300,3.7887861728668213,1.340320110321045,61.53852081298828,61.55311584472656
