timestep,mse,res_ones_norm,res_ortho_norm,residual_norm
0,93.43710451779256,30.531993753834833,9.777806866138684,32.059447120867794
10,80.75391452923138,28.15448117389799,9.778458449580304,29.804245667715616
20,70.15235761060599,26.005226827472676,9.767502821517942,27.779055666394886
30,61.01611072644091,24.02192686238153,9.701765190378634,25.90708818047389
40,53.331784295311536,22.207352956848613,9.668665983390568,24.220851084312187
50,47.05969889317218,20.598209066423788,9.662839700667238,22.752069967914874
60,41.01885961971,18.947188509353875,9.602682094488939,21.24164437647919
70,36.27886566738492,17.55662233383902,9.530610398509591,19.97667445650637
80,32.73566295831569,16.425170958090174,9.502949623089858,18.976097927168077
90,29.38962014118505,15.291648645737382,9.45786991073326,17.98015076558135
100,26.02987391416752,14.091937785862687,9.36727828641907,16.92124738474805
110,23.149903477570472,12.977100274581511,9.286754369354862,15.957723467126355
120,21.032477633424577,12.101915614552878,9.214168026789594,15.210432405677045
130,19.182512340530362,11.282440261422972,9.149545206908153,14.526101877166976
140,17.450375135058817,10.487920800336617,9.0530461045724,13.85475104379891
150,16.252505627132898,9.900479963321848,8.986548747674187,13.370772673950517
160,15.081298119116775,9.300085766404912,8.91081837138415,12.879995314839386
170,14.112650260156236,8.76256176787037,8.857576650866484,12.459500506108526
180,13.463667960066184,8.389868599420248,8.81535322293952,12.169648621087136
190,12.716546848201725,7.955929198564705,8.751297384824982,11.827172753038614
200,11.951980086996251,7.524482339016902,8.65181752505111,11.466114466416196
210,11.177062696562997,7.058777824354926,8.551101992643291,11.088177923454916
220,10.793958570638754,6.824879903990603,8.494383943119802,10.896492292340058
230,10.326218086008941,6.534988522103625,8.419164089271108,10.657785836940915
240,9.839365590073403,6.20119851688471,8.3533321761435,10.40351005626502
250,9.533577089552649,6.0078098997928695,8.293103652615825,10.240573616017764
260,9.123702254685373,5.754428416956709,8.200443792604167,10.018020004049657
270,8.767483693001953,5.541078452093693,8.107944882074893,9.82050511038111
280,8.313308124552055,5.203466220956214,8.023112155357188,9.562760551748255
290,7.9280329285453135,4.958588459328691,7.913328168666504,9.338541760574744
300,7.74640627047224,4.856772147981338,7.849983011305653,9.23095168307118
