timestep,mse,res_ones_norm,res_ortho_norm,residual_norm
0,62.59326661011639,24.16953755032255,10.21564424374834,26.239777680294477
10,7.443115988112997,1.6903730592349515,8.889145897658315,9.048440521396103
20,4.810716543495075,2.014080403332718,6.990090278913208,7.274467814104742
30,2.681917132598129,0.988496978368483,5.340782918480753,5.431490445409935
40,1.8627215991673387,0.8135968004915952,4.452864003882284,4.526581225476985
50,1.5775297364230867,1.2393961241527538,3.977024559653748,4.165672466799803
60,1.1404127274658107,0.24099423627830424,3.5336187938435795,3.54182721234731
70,0.952029334340905,0.05422503411940126,3.2356424900511955,3.2360968276227386
80,1.0040826091693225,1.3069913673186426,3.055598512013169,3.3233881357528112
90,0.7736930814571394,0.4434830489960765,2.8833915241051944,2.9172973616051783
100,0.7345126861916379,0.21197216825193158,2.8345559348854965,2.842470676736704
110,0.7801191510590175,0.05620093232627731,2.928848257737988,2.9293874208866932
120,0.7356142819982928,0.44070935089197955,2.8102548585524394,2.8446013959747014
130,0.7202436944614472,0.18434142153572267,2.808682765885479,2.8147256774108413
140,0.6889499725957177,0.32796974843996934,2.733292070500538,2.752898417768606
150,0.7124851195490737,0.34623897709512036,2.778030756809567,2.799524301562644
160,0.9068793399473122,1.4867955464975504,2.7865950086683724,3.1584288403287535
170,0.884339481140789,0.7921325088362728,3.0166637832203693,3.1189315947209675
180,0.6133259783309672,0.15183351023964134,2.592977506036053,2.597419057764965
190,0.5804572329563215,0.3742210774268385,2.49899742851589,2.526861603356926
200,0.6868388434474589,0.8130894454535845,2.625664264831669,2.748677368830698
210,0.543632539373921,0.12626783447677495,2.442133159164274,2.4453952508977217
220,0.6348938630091626,0.8876380738371317,2.489162739351426,2.6426941732067273
230,0.7244807012090174,0.747175120064004,2.7223183232782557,2.822992687432823
240,0.6689303115864919,0.5156038841107587,2.6631534056718005,2.7126063900705186
250,0.6825370960763947,0.6402305052105433,2.6642096308357934,2.740056214175239
260,0.6427586572603115,0.017598383065902414,2.65895384066307,2.659012077795704
270,0.5848909186797194,0.11448197604430843,2.533908834713259,2.5364936635988102
280,0.8570799386161568,1.2483584507551906,2.80525943598909,3.0704851937076207
290,0.7296568783847401,1.0480395930564443,2.632078774204569,2.8330594173494035
300,0.7863816037214892,1.2677244554272893,2.6538787361234055,2.941121833745821
