timestep,mse,res_ones_norm,res_ortho_norm,residual_norm
0,86.2056756265604,102.49726391032215,3.376879822875019,102.55287624655082
10,60.29210315618643,85.52728423077225,6.381241036305992,85.765007928961
20,40.22740664699346,69.24592819141209,10.618146723558036,70.05528967132462
30,29.396253167910825,58.41595810403138,13.18782488787174,59.88608257754986
40,22.240265726541793,49.90682946195788,14.920482287552014,52.08946552459623
50,16.76932038459574,42.29564881581591,16.02919767704701,45.23115173108773
60,14.1312701499745,38.02880919850467,16.6680721512902,41.52125911261469
70,11.889280082478031,34.08162756124485,16.998083210730417,38.08532749054837
80,10.087200771357175,30.731609721606212,16.91764339452911,35.08045743865914
90,8.707911275913904,27.80588170327091,17.005826012434685,32.59394384945609
100,8.14908890743342,26.61578750922636,16.90528621380269,31.530760325543646
110,7.586914630787988,25.417667777488976,16.719621697554448,30.423733908843843
120,7.013952956309392,24.099185688843217,16.581058766086105,29.25238897371881
130,6.414375305633192,22.5688635487395,16.52876841769002,27.974162852304435
140,5.912698522477855,21.25460859071103,16.419221461383952,26.857945188385102
150,5.625225814056928,20.565287009586154,16.227954878181432,26.196899612643957
160,5.355745705260501,19.867052741464867,16.084190729086583,25.561709176848506
170,5.050426501892657,19.02238323325173,15.94681690363967,24.822409899743903
180,4.806022852136595,18.293711980982877,15.864264556464878,24.214350868042374
190,4.783558335363275,18.292607549626208,15.778929810024446,24.157692706761537
200,4.77770039093527,18.40459574088834,15.625309702805191,24.14289642304964
210,4.58350263114756,17.83923749657563,15.522529643739515,23.647141920325218
220,4.4235559834901395,17.3511868581041,15.447010862977743,23.23088095586986
230,4.229383976226591,16.692014376191764,15.406540856553484,22.715299802107918
240,4.177601569448395,16.574745164667195,15.327922696798986,22.57581430364593
250,4.046845355033483,16.198804627273844,15.209005949157113,22.219701467708447
260,3.9016081888736394,15.774371639676586,15.072007113054024,21.81733712079877
270,3.8020111473725966,15.475192697710241,14.978777351579552,21.53706943805161
280,3.6684818587724672,14.978690478174231,14.939665937673894,21.155490700294354
290,3.6206750838090676,14.82424023803031,14.89846507496222,21.017192015697677
300,3.468882050159097,14.27574582510316,14.812383037730953,20.571913137076237
