timestep,mse,res_ones_norm,res_ortho_norm,residual_norm
0,596.3347430867469,688.6864921492951,349.3503379386448,772.2271317991533
10,72.44740099670447,14.22085184127894,268.7846133423802,269.16054873756013
20,61.51061235569737,37.032357562273916,245.23298483090986,248.01333100399538
30,53.755302510394536,8.361035622322957,231.70109104990593,231.85189779338563
40,53.470051328330456,38.48702069404791,228.01052731491671,231.23592136242684
50,47.394643475638404,2.518424631125853,217.688541299297,217.70310855759135
60,46.192227832266205,24.71019012780492,213.4985581593326,214.92377214320942
70,40.51349888036466,5.130376756332983,201.2142592231046,201.27965341873147
80,40.290981806007885,25.13783241385457,199.14585405561638,200.726136330095
90,39.13313554486895,17.603137231573232,197.03620252246884,197.8209684155574
100,41.35007110096697,31.607833512319356,200.8756231144647,203.3471689032502
110,38.01995732357947,42.60766942006468,190.27491645030344,194.98706963175653
120,34.39132511629922,11.311732272216894,185.10367319235164,185.44898251621447
130,37.65199596939701,59.99642678581128,184.53299093206013,194.04122234565781
140,32.911605945861275,14.590389621849152,180.82789186556346,181.41556147657585
150,32.98632657655734,21.327154735398516,180.36484981129146,181.62138248718773
160,31.287810429804942,15.960756325058167,176.1620409944692,176.88360701264813
170,31.39564619112498,8.797408730253856,176.96963522242405,177.18816605836005
180,32.064010583988384,25.00382140891757,177.30995318633225,179.0642638384007
190,29.49467837547455,1.5448289104530593,171.7331996997435,171.74014782651886
200,29.270479463422358,9.040091312229427,170.84717209391823,171.0861755473608
210,30.43842028149508,16.74403431134894,173.66075433578956,174.4661006657026
220,30.259229961747376,10.713165855340947,173.62159439166354,173.95180355991533
230,29.934355268976617,18.133038069487196,172.06262871218476,173.01547696370002
240,28.378146779718985,0.14102389361687584,168.45808645470368,168.45814548343748
250,29.487666955827425,2.253238451920638,171.70495005184392,171.71973374026476
260,28.286024955999636,13.27457999133998,167.65980580345772,168.18449677660433
270,28.496436250614323,13.072150874712719,168.30197598995406,168.8088749166178
280,28.325554168234245,15.357942861169091,167.59978448466845,168.301973156093
290,27.656645597851696,2.117028673940791,166.28939770005005,166.30287308958825
300,28.039987775248278,0.6032795878815066,167.4503622838336,167.45144900910316
