timestep,mse,res_ones_norm,res_ortho_norm,residual_norm
0,69.6469166844625,92.07996674536228,4.266562981769131,92.17876021895947
10,0.6682967494089138,0.2162139332784429,9.026929431592103,9.029518449390725
20,0.6562900269322335,0.7813811176082388,8.9138558903977,8.948037957325196
30,0.6512035117310634,0.20263214985183417,8.910991451181857,8.91329503781793
40,0.6429139080793015,0.4899946627023071,8.842816407468721,8.856381698282588
50,0.6466431372891613,0.2619188240510742,8.878167675758629,8.882030328099408
60,0.6353238869037545,0.4613286215573472,8.791853621688093,8.803948784622616
70,0.6386364234591342,0.19826984604066333,8.824643490258707,8.82687054748252
80,0.6353582355851628,0.2274306580542784,8.801248777143323,8.804186773427165
90,0.627367301086637,1.2428925613575337,8.659909284368503,8.74864622284898
100,0.6348533341701801,0.5053904841290047,8.786164534500468,8.800687857705327
110,0.6225141982212674,1.237542264759058,8.626425756124586,8.71474223273383
120,0.6207274719370913,1.3529227262434413,8.59641504774747,8.702226817104064
130,0.6214091151116751,0.14656818196215107,8.705769914927725,8.707003620283178
140,0.613974896561279,0.6251768537803565,8.632154498268282,8.654763854691591
150,0.613475015960909,1.0663052088582647,8.585274902342535,8.651239908084326
160,0.6154454652912544,0.012803950313729502,8.665112972396232,8.665122432229856
170,0.6099748133651227,0.43976115566444535,8.615308314652102,8.626524632234291
180,0.6100499847846084,0.10035484534195878,8.626472456846924,8.627056169037166
190,0.605033949527044,0.8335640142143602,8.550983152626731,8.591515689463609
200,0.6102623453562894,0.20017659769139035,8.626235300709343,8.628557592869582
210,0.6045042518911633,0.28030304563745495,8.583178253614932,8.587753998032426
220,0.6106826574045996,0.319935911596986,8.625597093293411,8.631528497511963
230,0.6025336179718997,0.2899198115707409,8.568841689250101,8.573744887304017
240,0.601312034178626,0.28484847565968746,8.560311297827125,8.565049221679486
250,0.5997006757030475,1.0897729876634459,8.483859809728758,8.553565480884085
260,0.6022426220286768,1.4428427384626117,8.449367119469024,8.571674275630086
270,0.5985535546346902,0.24371000476750518,8.541904887026572,8.545380837940003
280,0.6027372332301298,0.22635636849985974,8.572205390009936,8.575193435373679
290,0.594781556621605,0.7261362123898105,8.487406913120873,8.518412405362621
300,0.5941138633979086,0.6705677602138973,8.48718034529175,8.513629739103342
