timestep,mse,res_ones_norm,res_ortho_norm,residual_norm
0,18.84782092223808,117.47984978903872,71.037355073109,137.28736621495105
10,9.329074108791918,82.97703396297908,49.435674805736554,96.58713221124188
20,4.292808444307728,55.0680131649812,35.50101928634143,65.51952719844465
30,2.1177037105350656,35.57375445241399,29.192665255067407,46.01851486668236
40,1.2208851791202655,21.84384433688528,27.271443740773815,34.94116739778832
50,0.8540551153489618,13.202720690255791,26.07188680790199,29.22422138139803
60,0.6870470287937179,7.1055208752420995,25.230112997868574,26.211581959006555
70,0.623335814601223,2.2843182122996164,24.861973069452457,24.966694106373453
80,0.5906613108443016,0.9353210405604658,24.285520076691515,24.30352465886999
90,0.5661402025290242,3.093059714492055,23.591803325129906,23.793700900217775
100,0.5436541425852501,4.865589159695629,22.80307401896294,23.31639214340954
110,0.538807578078357,6.333751882754921,22.331394160823354,23.212229063111476
120,0.5413951973896176,7.315523542586234,22.087967599747248,23.267900579760468
130,0.53495453947319,8.278447019355559,21.596801948920888,23.12908427658108
140,0.5420618299317951,9.103449952513252,21.428696388111934,23.282221327265898
150,0.5407513314950149,9.85626836078798,21.061939737240362,23.25406053778597
160,0.54811638451131,10.668219662819455,20.83999697066058,23.411885539428685
170,0.5945982971505955,12.315148189911367,21.046031032266356,24.38438633943031
180,0.5722992709119876,11.946356993759498,20.726404065578794,23.92277724078013
190,0.5776960933411723,12.34459380524827,20.622974982397626,24.03530930404625
200,0.5644203307677139,12.244031471442383,20.359371898318532,23.757532084956004
210,0.5916001069282821,13.232183672392058,20.40856247236349,24.322830980958653
220,0.5908559496738378,13.341282313597361,20.319107655178467,24.307528662409055
230,0.5999198505040415,13.636993470416789,20.345816759025706,24.493261328456068
240,0.6140165068438016,14.125619494554638,20.358864917741844,24.779356465489606
250,0.6163959727226732,14.176737698725308,20.381758534145526,24.827323108274744
260,0.614396015251235,14.175069645368417,20.333799836729735,24.787013036088776
270,0.6291652516281356,14.694090692384812,20.32852553315428,25.083166698567698
280,0.6338751221244874,14.794959416679205,20.371163392975436,25.17687673490275
290,0.6200622978700533,14.355957256428704,20.346222969427156,24.901050135888912
300,0.6179362994308973,14.314845945881332,20.322930029318652,24.858324549955036
