timestep,mse,res_ones_norm,res_ortho_norm,residual_norm
0,272.0599920752495,53.79581156633889,9.933306133745376,54.705209192797575
10,16.727068578892222,5.992472383727414,12.169142496416034,13.564577190897415
20,3.7633411579756184,0.5911826391339711,6.406813234746148,6.434030831269912
30,4.5578891677976285,1.8736756884412493,6.828332172669848,7.080733072625596
40,1.3708888362879212,0.7871058272561685,3.8026624378015086,3.8832688806168356
50,1.8970052165631845,0.11721707986444253,4.566543281124475,4.568047436508845
60,1.0526483925012398,0.9799941507883737,3.2586414012490255,3.4028124129187076
70,1.215689795135116,1.0090058124765307,3.5148961601838047,3.6568548981995823
80,1.6221412948902676,0.810518735155114,4.145674085568654,4.224163141237912
90,1.1853271844397988,1.2442633689219218,3.389750388685995,3.6109000303023877
100,1.710485507565236,0.2989546416528425,4.327351003264216,4.337665337853717
110,1.1525053063389894,1.8887575096569484,3.0183030728280693,3.5605559074011017
120,2.1259641099351256,0.22130565724266674,4.8308000388505805,4.835866541715805
130,1.6762115413505718,0.39188554164572925,4.276067431309442,4.293987302596072
140,1.8506090779097055,0.06568518144346855,4.511361802598579,4.511839963585451
150,1.534589957855971,0.6606624064077126,4.055122035299955,4.108587292052547
160,2.0333177871401764,0.6871578859268828,4.67913557170023,4.729322959847629
170,2.1747349221058254,0.28987147317971307,4.882423442533503,4.891020766993745
180,1.6703407122240477,0.5174380463838842,4.25511523964028,4.286460991828168
190,1.4079044078022493,0.5496439657828162,3.8967730235033295,3.935346043974372
200,1.4217097535230936,0.4489426152553766,3.9290275917791275,3.95459318878112
210,1.4512085483740078,0.8871758818400444,3.8956659234071167,3.99540911949128
220,1.496017602716474,0.19559989685759796,4.051905022360533,4.056623427172063
230,1.7396930159144417,1.6314969554621042,4.05892114475962,4.374542624670476
240,2.9666642615882903,0.3828156327693572,5.699715700697587,5.712556947416034
250,1.2358960932954777,0.13016264300773492,3.684822209091708,3.6871204247014027
260,2.020432168060613,0.5637803837004152,4.680481335036104,4.714313719797055
270,1.4273859463601484,0.627199218170379,3.9125268753949927,3.962479704675045
280,1.5739783307961253,0.09807635894509883,4.159824836044596,4.160980850563647
290,1.402775164394516,0.4397914177428324,3.903474134309004,3.9281709240229956
300,2.8166815389882625,0.8323858129377455,5.503692468451599,5.566282145999328
