timestep,mse,res_ones_norm,res_ortho_norm,residual_norm
0,67.67705425174566,90.7960959820276,3.559434384196306,90.86583856825936
10,33.77268497104752,64.00661458577297,4.839509865276712,64.18931037538725
20,16.14292070835367,43.84562458451451,6.855474543236498,44.37833172190171
30,8.310199128229437,30.765615637259774,8.20494900071831,31.840921683330574
40,4.561075608831796,21.808215499823838,8.991827455568862,23.589218390558834
50,2.8238185322153404,15.978999730436929,9.443380144046305,18.560869077989626
60,2.1047380783678897,12.851866552828229,9.571184444423668,16.02429547783248
70,1.8945296142934136,11.846854374053688,9.528098151455069,15.203046173178468
80,1.6597778240637302,10.51743640642819,9.585219140557715,14.229999808003338
90,1.4627836953558901,9.302126006655687,9.588016613967591,13.358877603804093
100,1.335971491600643,8.513808530618073,9.51333728400572,12.76669581274961
110,1.2489276952267827,7.8761588163844465,9.504488472125002,12.343791103938347
120,1.2325322762063688,7.870524401669966,9.403392118799182,12.26250128224976
130,1.1966548935994394,7.686432074516379,9.322588641733448,12.082710665208019
140,1.1747760059239252,7.562230897454787,9.280912486189006,11.971744765184349
150,1.1301462181477961,7.241274042235315,9.243472770516512,11.742139439388
160,1.0765898659584878,6.810567818742676,9.217381929444073,11.460539413436678
170,1.0320706218378382,6.4146380083821875,9.206792877307215,11.221079086443346
180,0.9416803506338615,5.4339761502493165,9.238880125634964,10.718442180528433
190,0.9538155538683337,5.687197592828802,9.166312296232276,10.787284068380545
200,0.9244593559537415,5.40002410998817,9.144603930072801,10.619983117988298
210,0.9429323466069561,5.730770661804888,9.066201735448258,10.725565080034182
220,0.9351740323995116,5.68016078905336,9.045828063988456,10.681349725233249
230,0.8999005388693792,5.294039216811223,9.042179743453957,10.477970497289265
240,0.8847646580055964,5.1474558646516195,9.024687606679048,10.389479692298492
250,0.8649707108386329,4.933240120290005,9.010525436281407,10.272605644251763
260,0.883002678986632,5.2356244471337225,8.96183929140357,10.379129387206284
270,0.8692552429077958,5.105998231137264,8.943037610251574,10.298016296100482
280,0.8714661041840527,5.159483656216192,8.927406852591204,10.311103952072951
290,0.8704473968611983,5.170654456497884,8.913973014799,10.305075565810577
300,0.8487372709479579,4.905076504628573,8.915501754774747,10.175752898712254
