timestep,mse,res_ones_norm,res_ortho_norm,residual_norm
0,2146.345805054311,1315.1775142914357,645.4873437616806,1465.0412298137928
10,467.08565118112523,236.949924410327,641.046320091665,683.4366475256687
20,412.4443421137233,71.62343123934832,638.2118975788727,642.2182978658607
30,407.71887985902595,64.35801421978722,635.2770465432476,638.5286836619213
40,401.8499249179396,36.47265112974467,632.8662343951582,633.91633905267
50,398.78427419456335,42.42218031934068,630.0671653177275,631.4936849997499
60,412.54675910021473,138.1012374817397,627.2757027864436,642.2980298118738
70,401.0118425569057,107.70209371611328,624.0289268664324,633.254958572695
80,395.72716176467367,102.09131612296996,620.7290269811404,629.068487340348
90,401.61041472458237,142.2904325650954,617.546635911022,633.7273978017538
100,386.16453618687996,88.70999263920667,615.0569675996134,621.4213837541157
110,385.9313824147721,104.41061177950931,612.3967721686656,621.233758270405
120,391.7339560053704,141.0926316508407,609.7760451995557,625.8865360473657
130,398.15688854141746,171.9911918137879,607.1045366984918,630.9967421004782
140,373.079038575408,87.30222778396583,604.5306936784638,610.8019634672174
150,377.3778285176877,121.70139721325596,602.1350333887151,614.310856584586
160,365.30635424758333,74.47456939694293,599.7998772596768,604.4057860804968
170,360.7868610332248,71.61172793460814,596.3712111222712,600.6553596141674
180,356.89818158420644,65.53688202459725,593.8039227545574,597.4095593344706
190,349.38308061312733,5.381119856590384,591.0618615358431,591.0863563077119
200,350.638435742536,61.38840743644807,588.9566190942696,592.1473091575575
210,346.68075553546663,55.87150279115619,586.1391735000524,588.7960220105657
220,375.8583903673495,185.66666704269466,584.2827047899044,613.0729078725869
230,340.87439942507365,48.04201166124483,581.8645585878337,583.8444993532727
240,359.57790094329124,151.635010893914,580.1592233296768,599.6481476193279
250,370.7722158895081,191.4064396864633,578.0447999386037,608.9106797302114
260,334.8286243117602,58.80574466286505,575.647903415279,578.6437801547341
270,344.8512931384533,129.10136228294272,572.8735736575231,587.2404048926243
280,364.4642186951487,197.86268814056723,570.3635466410326,603.7087200754588
290,334.2925372176023,109.51601172456512,567.7136429517501,578.1803673747512
300,320.20637043819465,14.377106425939848,565.6851326038291,565.8678029700883
