timestep,mse,res_ones_norm,res_ortho_norm,residual_norm
0,450.61197262598887,602.3484989316346,296.2908342503954,671.2763757395227
10,146.2552733948969,273.71406701086937,267.08778129159356,382.4333581094841
20,78.81892505311869,135.87458731205518,245.67666062509355,280.747083783819
30,59.154756354362284,69.85323252422391,232.97056093051538,243.2175083220003
40,48.968664296164455,51.78860993751395,215.14321782688037,221.288644751972
50,42.6522624292176,40.206384548476734,202.57272538710038,206.52424174710725
60,38.780004101797516,20.688051271042305,195.8366886883156,196.92639259834502
70,35.061835309385295,6.430370844399842,187.13761150604861,187.24805822594072
80,32.12839835697201,2.716079199698051,179.22338371639165,179.24396323718133
90,29.90850256122073,3.759297883601074,172.8998850220644,172.94074870087942
100,28.075881938445054,6.232811880971633,167.44262896437536,167.5585925533067
110,27.10920023676579,8.793109280394608,164.41375084204128,164.64871768940623
120,25.56767853497054,1.2848009299968257,159.89380169831733,159.89896352062618
130,24.58664603084601,3.659904153401058,156.75857594541333,156.80129473587266
140,24.180005459981988,16.92602961937929,154.57527286505396,155.49921369570325
150,23.815252460052807,22.027383584142605,152.7417651871611,154.3219117949645
160,22.314486532044995,12.3874502494861,148.86583761347495,149.3803418527518
170,21.797467640547563,12.880761305658503,147.07669301671908,147.63965470207373
180,21.052376507056678,13.275868857603168,144.48573567356883,145.09437103849575
190,20.706938526681764,16.418586507405518,142.9593247877892,143.89905672617095
200,20.443880204011702,15.137272361661903,142.17856093469425,142.98209749479724
210,20.22594003275012,13.74834083155704,141.55183911602654,142.21793147402377
220,19.74619620178248,13.372709476174265,139.8834044590291,140.52115926714552
230,19.500737827106594,19.097034346330094,138.33308030359797,139.64504225752734
240,19.74660108862578,24.66797537238155,138.34049327530013,140.5225999212432
250,19.195779817886336,24.120542690976983,136.43305771761877,138.54883549812442
260,19.188978279746152,24.698201974164462,136.30472148458225,138.52428768900475
270,19.109449736582583,24.323212021346933,136.08023770388994,138.23693333036067
280,19.179903738087816,23.537456499087007,136.47670819462715,138.4915294813651
290,18.82307568881045,26.99723467903635,134.5147761715994,137.1972145810929
300,18.568933438435742,24.821097810994107,133.98823284860805,136.26787383105287
