timestep,mse,res_ones_norm,res_ortho_norm,residual_norm
0,1541.7740531025565,1110.3142884623282,555.8563069165907,1241.6819452269397
10,264.95059052579444,244.03031372809767,453.21054324404304,514.7335140884013
20,197.20680518772284,56.08202691664328,440.52424614843136,444.0797284134042
30,178.86528329890638,0.39062567333087034,422.9244976476175,422.9246780443373
40,167.56605142735756,2.77135965373213,409.3389438998289,409.3483253017625
50,159.09571327461362,12.734846106874889,398.6646924035885,398.8680399262563
60,148.9179900790494,3.2380811540386,385.8853520276317,385.8989376495476
70,141.74993670251743,12.368992842701797,376.2936947632455,376.4969278792556
80,136.53575681080076,2.047048395699289,369.5017813267839,369.5074516309526
90,135.12718356989464,33.121717291126,366.1012638786998,367.5964955897902
100,134.28027818995633,9.746814847847887,366.31308711302967,366.4427352124153
110,131.59743331050524,8.592934358330734,362.6618187645602,362.76360527277984
120,128.87207948639207,1.517628717505439,358.9843677508365,358.98757567134834
130,128.61778062261521,18.699443951964827,358.145377491463,358.6332118231874
140,126.96422359691435,36.10259918662457,354.48670768998414,356.320394584585
150,125.34977294484096,20.147781839481738,353.47395919896223,354.0476986859835
160,123.51505576536418,10.703359130999027,351.28406435344755,351.4470881446654
170,122.07490975802186,1.412517541704566,349.3893452185058,349.3922004825263
180,121.76728379807051,29.55933996372508,347.6974679501987,348.95169264250677
190,118.61552015092884,10.481742152190042,344.24650068284484,344.4060396551269
200,117.44062547032343,13.801428418271497,342.41808661917787,342.69611242370905
210,115.82990119253827,18.195297976924564,339.8511914412971,340.3379220606165
220,115.52493217757147,17.429064138085256,339.4424250161461,339.88958821589614
230,112.98439352742538,3.281186232722756,336.1154970309039,336.1315122499308
240,109.46522052410198,20.2803320902802,330.23314287698315,330.85528637774854
250,108.36994619230627,9.151052729566477,329.068692564709,329.19590852911017
260,107.89084810916235,32.926232541056606,326.81296075861894,328.4674232083942
270,105.7071693721602,10.612159345624526,324.95315269463583,325.1263898427198
280,104.3166347169384,0.3258611445351333,322.98069374415076,322.98085812775093
290,101.61564644211083,9.925472851925145,318.617531581011,318.7720916926556
300,101.11579665194266,0.4771541528838289,317.9867433964143,317.9871013924034
