timestep,mse,res_ones_norm,res_ortho_norm,residual_norm
0,1098.1942538691637,943.4110041303632,456.2564313573048,1047.9476388966978
10,103.8844401185948,161.60911113265294,278.8672360057894,322.3110921432813
20,50.38074692775608,71.35238422353555,212.8134962669733,224.45655911056838
30,30.27485443332998,15.084322344079357,173.34162123607211,173.99670811061335
40,24.744807834545625,12.218702486248231,156.82956081076736,157.30482457491766
50,21.710873530439056,0.6097264892918879,147.3448396247636,147.3461011714903
60,19.29348860982758,4.930455477999446,138.8134691541388,138.90100291152535
70,17.98696816458463,3.5317460249591033,134.06899318858112,134.1155030732265
80,17.559951560813555,1.0118488211854555,132.5101042289855,132.5139674178294
90,17.21610267570367,11.237811610549038,130.72801637716944,131.21014699977923
100,16.001501457681613,3.5523307236719908,126.44715261369578,126.49704130010952
110,15.321240229073858,5.628823731687092,123.65094650859513,123.77899752815038
120,15.106186411940492,4.5144372901830465,122.82429021937598,122.90722684993138
130,14.54833481100991,1.38443947884377,120.60853261000787,120.61647819021209
140,14.122579418967277,3.589792019802571,118.78422796070964,118.83845934278716
150,13.530082790514246,5.002203489513174,116.21127634943069,116.31888406666496
160,13.154132852140282,7.3061676899743695,114.45851984813652,114.69146808782371
170,12.972614467012118,8.363112700022855,113.58993270963248,113.89738568998025
180,12.883676512125374,1.2936352246027412,113.49891197730066,113.50628402042494
190,12.714246921429426,1.654459045923502,112.74533110818732,112.75746947067154
200,12.57971768126006,2.94722738690029,112.12061153949334,112.15934058855758
210,12.427509203827396,2.4541833740238137,111.45172133167821,111.47873879725854
220,12.36855525081899,1.1413080356048315,111.20815018148107,111.21400654062863
230,12.133003824768323,7.683692507646315,109.88159397376916,110.1499152281486
240,11.945896557240108,7.53549335443871,109.03720877363523,109.29728522355946
250,11.849759748948808,2.4252878062468244,108.8295811257476,108.85660177016737
260,11.730114239509081,2.534349675407941,108.27599600664888,108.30565192781529
270,11.711521526531696,0.23209377450114388,108.21953455366332,108.21978343413785
280,11.524571410269154,0.7188413399851721,107.35014987133032,107.35255660797814
290,11.633532292287041,1.9175966439220244,107.841805972444,107.8588535646798
300,11.56923116134166,4.098075070199715,107.48226338359582,107.56036054858528
