timestep,mse,res_ones_norm,res_ortho_norm,residual_norm
0,277.81640088079865,54.3409118347815,10.151143317542585,55.280922655910736
10,8.836850295889066,1.9098145967628068,9.672536454352159,9.859277521947524
20,7.881770185977202,1.9728498890313173,9.099853590091346,9.311255127304225
30,6.652734789496437,0.14234644298514065,8.553351400160658,8.554535795965833
40,6.410506683079271,2.3816500296430703,8.052534796582572,8.397355149919049
50,5.243585048053096,0.7305710809515358,7.5594775893749,7.594697856306336
60,5.578392555998142,3.13605254130344,7.178265290037962,7.833410375818413
70,4.266863325452832,0.5379389380753576,6.829796357058058,6.850948589792595
80,4.4719313752326615,2.5717416126645096,6.525135263368035,7.0136470632303185
90,3.7844907239044305,1.6079703471567184,6.248506167526237,6.452084776484941
100,5.021435181764948,4.4804995164201165,5.929663656799897,7.43207824228287
110,2.96719963966339,0.7507565825359244,5.663528987307849,5.713072381503432
120,2.7531943795514575,1.0024136599196494,5.411127888848362,5.503193452447954
130,2.6001856210364225,1.2712635719454775,5.194798433245036,5.348087679853487
140,2.9356943057772478,2.701685747322829,4.999353106779157,5.682661116374064
150,2.7960414332075256,2.7334631522775257,4.82541552204821,5.545850319408448
160,2.3002436699809885,1.7971098993363728,4.6981992698796935,5.030176972015087
170,3.1031895516925254,3.716806121672734,4.507819575195293,5.842523861193703
180,1.8852638372468462,0.9207285075648473,4.459838699445611,4.553888690966799
190,1.8222559665836313,1.4149154688416903,4.2476852341542966,4.477143691285767
200,3.7386700877855774,4.9281671091785855,4.1034790007567645,6.41290659261784
210,1.961270666706417,2.3860641152058992,3.985056507992989,4.644779578599031
220,2.0788295728812063,2.793621817060814,3.8810826382512267,4.781958312416919
230,1.324389423052801,0.3608191219152417,3.7997490989328657,3.816842104879479
240,7.611851132922023,8.38027655573671,3.6744152339538214,9.150429632653445
250,1.536944456652216,2.010815861070819,3.5865036729439437,4.111737956530592
260,7.207033490001913,8.166879992831527,3.5467505653357065,8.903783936620489
270,2.5465102187327564,4.001359548917923,3.4642075813010513,5.292599777619721
280,1.60675609601243,2.4389463547245875,3.424303978170218,4.204083378827867
290,3.664533793891213,5.410578731852067,3.321973738492437,6.349005570386857
300,1.1857203832216177,1.472767313876149,3.297556770491727,3.6114988876417775
