timestep,mse,res_ones_norm,res_ortho_norm,residual_norm
0,2442.605877003721,1403.7631872275601,687.0624361646044,1562.8838334961818
10,455.2154937146493,207.59640520192497,641.9651285403963,674.6965938217336
20,443.1162829182362,313.7231014263012,587.1065478681862,665.6698002149686
30,309.1519136620177,68.54540422368248,551.772997909312,556.0143106629699
40,285.0677599919051,3.324579306903893,533.9070210854483,533.9173718768711
50,280.31149831069615,38.70810573138448,528.02763266839,529.4445186331578
60,265.3368017071231,71.85640028443558,510.07201397967907,515.1085339102071
70,265.8297761147466,83.47295511668582,508.78486797352207,515.5868269406683
80,261.43708312560904,89.4193315974366,503.4295047593821,511.30918545006506
90,282.8575198745059,170.8501351306372,503.6543965859416,531.8435107007567
100,256.5232279909297,88.76710049830649,498.6417851123722,506.4812217554859
110,259.9106230001233,89.84199941711474,501.83566846215547,509.8143024672055
120,259.8956946835114,30.28605480266782,508.8992528664207,509.79966132149536
130,300.9007321500575,198.05703896907193,511.5409479844804,548.5441934339087
140,283.021442273521,123.33383448737267,517.5038237000404,531.9975961162992
150,294.1844350471346,9.351393006461407,542.3070961143447,542.3877165341548
160,278.56142628543563,35.40594339259601,526.6002710385894,527.7891873517642
170,267.6021316465599,3.945162071727638,517.2877026788746,517.3027466064334
180,275.9216201083643,174.472293987899,495.46043105273736,525.2824193787227
190,273.5856705031584,135.56626043560368,505.18062070378795,523.0541754953863
200,261.4844752824438,93.91608966910059,502.6571827634708,511.3555272825784
210,265.63147707092156,117.02888968679754,501.93198348939364,515.3944868456798
220,265.2123855008366,114.07315002588496,502.19488442636333,514.9877527678077
230,257.01581934930215,38.437982580908574,505.50800275011665,506.9672764087463
240,258.3605766092915,91.15984572022376,500.0504565916888,508.29182229236335
250,257.17466316021694,57.60215296714571,503.8418949767541,507.1239130234512
260,258.9715164525457,4.296929294363551,508.87429965678655,508.8924409465577
270,281.8082837090165,163.04993753904625,505.19600312901304,530.8561798726812
280,277.02089345075865,161.97153553772668,500.7854981190147,526.3277433793118
290,261.8007859154135,115.75835463658696,498.3982235594782,511.66472021765725
300,257.3918250288381,70.47544204554225,502.4191846429865,507.33797909168806
