timestep,mse,res_ones_norm,res_ortho_norm,residual_norm
0,557.0927393656517,670.4463381996044,328.0159248579145,746.3864544360728
10,273.12569043357263,437.6099401257322,285.69779617057935,522.6142845670912
20,85.84261207994966,197.05720414585187,216.82036429765938,292.9890989097541
30,50.97961496294686,83.71492311828305,209.69364942755615,225.78665807116874
40,45.22837263289527,45.883654866100784,207.6609324091169,212.6696326062921
50,41.54982484910134,14.394967511405861,203.3288217627961,203.83774147370585
60,38.35312448614475,8.822984496351637,195.64068960909407,195.83953759684164
70,35.22757048009125,16.50633436886093,186.96286103340043,187.69009158741238
80,32.28541666686012,1.0755286078783528,179.6782121045113,179.68143105746938
90,29.89860390534325,4.200415294172495,172.86110151419183,172.91212769884953
100,27.49832244903376,6.079939800177836,165.71468486848104,165.8261814341564
110,25.196573308157117,2.921461573288055,158.707398600169,158.73428523213602
120,23.265438850069007,2.0789741492622404,152.5159556130299,152.5301244019325
130,21.374890066071494,7.280011381311768,146.02017497715673,146.20153920554836
140,19.45815902528024,9.116795068075747,139.19426379332933,139.49250526562435
150,18.21844293544505,9.052096459711942,134.67183256022443,134.97571239095222
160,16.6713117300665,1.117028924129955,129.1126019273454,129.11743387345683
170,15.608607909498948,3.5523241385383986,124.88390169558967,124.93441443212893
180,14.877624224524379,10.779457681576458,121.49661524756762,121.9738669737267
190,13.726469301140362,3.8355118926137535,117.09721666061061,117.16001579523775
200,13.388410932699783,12.407009934264266,115.04119713037956,115.70830105355355
210,12.607619589030731,8.757137948365346,111.94164606608228,112.28365682070891
220,12.332990077164373,12.336995234874479,110.36661010350485,111.0539962232984
230,11.684093434907211,4.693129068546845,107.99105506685807,108.09298513274213
240,11.203622191978972,3.527573092523949,105.78836618483088,105.84716430768928
250,10.9201119290524,0.5629543643976258,104.49782299854864,104.49933937136828
260,10.721937649643959,6.713867931539815,103.32890025080978,103.54678966362964
270,10.435550988928147,5.299570036440377,102.01698655791107,102.15454463178888
280,10.364327739512186,6.315594779277489,101.60925647841412,101.80534239180272
290,10.092406978990157,3.469489639386342,100.4010439220248,100.46097241710413
300,9.865618965008649,2.580390104083445,99.29229855290588,99.32582224682889
