timestep,mse,res_ones_norm,res_ortho_norm,residual_norm
0,18.4937296085879,116.58952334701789,70.00437596538556,135.99165271658367
10,2.3749978633566133,1.816213120999116,48.70009479719444,48.73394980254128
20,1.5604403515770504,17.099635479246164,35.609588849830274,39.50240944014745
30,0.7258289571453326,3.042645317811136,26.76884881005036,26.941212985783185
40,0.45291802268286263,3.6801674567415437,20.96125926973862,21.281870751483822
50,0.4096964218355288,9.693042508632649,17.769112210838482,20.24095901471886
60,0.291547156809087,6.701828103670682,15.704542555513575,17.074752027748072
70,0.6630871664152928,20.017107086805638,16.19884533819151,25.75047895506592
80,0.2814148675474553,6.681801858148084,15.387280184486926,16.77542451169136
90,0.523812590551756,17.157274351759536,15.147294391085504,22.886952408561434
100,0.900932249332078,25.906803447437493,15.158159006552197,30.015533467391148
110,0.40952664444949555,12.731981667890647,15.729694442613685,20.23676467347228
120,0.5705038951896824,17.245006198010923,16.526150683696656,23.885223364868967
130,0.44629984950431495,12.883487491884003,16.742628215151388,21.12581003190919
140,0.3179410865232511,7.243857416537884,16.29317698461906,17.83090257175029
150,0.6647972583887609,19.37154351797661,17.015891399509453,25.78366262556119
160,0.6159298357530549,17.183849575319318,17.906567217807353,24.81793375269293
170,0.40377867451634875,9.297542475661439,17.813881621634856,20.09424481079965
180,0.3963035143444813,9.820259319068178,17.316640010427417,19.907373366280176
190,0.3710197217616712,7.918224777372616,17.559084205523757,19.261872228879287
200,0.5016492106786503,13.601152696180383,17.79488286035723,22.397526887552793
210,0.7262911350011491,19.72009033906283,18.368700880039114,26.949789145764186
220,0.5216508626306098,13.291406666156565,18.573889508270977,22.83967737579955
230,0.8186657983664071,21.73178192503232,18.61170203740771,28.612336471641164
240,0.37208652957582694,3.539193315706797,18.962084280212533,19.289544566314337
250,0.5648732471767284,14.638835443423739,18.723721425963625,23.767062232777704
260,0.4374492701339061,8.050431760972973,19.303880920577182,20.915287952450143
270,0.3916563291871878,6.289499687829853,18.764288498740793,19.790308971493793
280,0.3738917607774602,5.87556052408697,18.421985487597446,19.336280944831667
290,1.0352567995238235,26.022771470200198,18.922794839387706,32.175406749935945
300,0.38687297757626127,6.424395089639821,18.590323432056607,19.669086851612132
