timestep,mse,res_ones_norm,res_ortho_norm,residual_norm
0,234.76759282268517,49.77435798965519,10.244842984018167,50.81774809109054
10,21.185746753728917,7.628177612849133,13.223241682652759,15.26575298801268
20,13.782361121583234,5.226621140753199,11.148470917056175,12.312837704502385
30,15.327059065306047,6.0419421752080575,11.493153808672739,12.984515767573564
40,13.977892885983184,4.631418046872074,11.502468805474876,12.399871843927057
50,16.936380900345213,6.289249349142344,12.113857045883854,13.649182755894119
60,16.118268402420426,5.783444398646654,11.993861901588968,13.31544037674401
70,15.707088516170085,6.201457129387905,11.589646377272897,13.144503553876461
80,15.664583121279241,3.7151723129524794,12.589992415372734,13.126706149452408
90,13.499567091427508,2.969019736878898,11.818636122993471,12.185862218394831
100,16.14239060936223,3.0162682267073566,12.979538616127314,13.325400433119619
110,17.931687707981528,2.39508601984453,13.838790689411487,14.04452081018775
120,16.057567248985904,3.8283728338600067,12.727010693159947,13.290343853296083
130,16.746214973385186,2.385846648003083,13.360991747600528,13.57233821812723
140,17.19770731674262,4.438576069075653,13.018211204431958,13.754082320684605
150,19.39396738237344,7.160679328627465,12.730212596758747,14.605945406104592
160,17.935719125743613,4.721032040437568,13.228936724330554,14.046099472208637
170,14.563314791491553,2.8622148754695127,12.328997879513487,12.656874128567729
180,15.74501258099304,4.673487767808199,12.302587145599519,13.16036239588118
190,13.88077984003638,3.4109556696161327,11.876613981279078,12.356721986044688
200,13.946691366897992,2.307640661524269,12.169157719955713,12.386024585631901
210,14.935823334418433,4.509434603173391,11.998293888645383,12.817724317467698
220,21.096578166214886,4.248555653099203,14.62915358764418,15.233593135841714
230,15.219115025870034,4.207142645746977,12.235612614123882,12.938711886604878
240,16.343795848563325,7.732038955208586,10.95432918664276,13.408271862331722
250,20.851692362854244,7.9708997778259025,12.877630710781066,15.144920468308728
260,14.50221224097719,4.804003359224382,11.681005366633043,12.630294321620106
270,13.874518107075577,2.9562822077843234,11.995002904783691,12.353934562633532
280,14.70898143650426,2.3820596459692625,12.494982498770923,12.72001555822739
290,15.941908204016903,4.768809192516763,12.3539244424415,13.242393675019102
300,14.792043901296726,4.1889052280093155,12.048466952480727,12.755880326902725
