timestep,mse,res_ones_norm,res_ortho_norm,residual_norm
0,166.96710884966166,41.695221972477036,9.906899717477016,42.85601704949117
10,10.220208982504165,2.7210205352456183,10.24784592264723,10.602938215775183
20,10.051594789887915,1.8275474505195768,10.35507667788445,10.51511020811323
30,9.972567689280341,2.3267355375132346,10.211980528798355,10.473692977268511
40,9.83286813277578,1.5750843834633026,10.280109855711833,10.400074493028093
50,10.240800512266254,2.0203984226119482,10.419539138025057,10.61361416459675
60,9.415879037209136,1.6023324176223608,10.050233839704278,10.177164114295321
70,9.957789710750863,1.3789708440921502,10.374686801508915,10.465929811452945
80,10.729409169088648,2.5860271716708096,10.551585867885233,10.86386215210664
90,9.945232577514052,2.345082975771389,10.193043911874497,10.459328771611235
100,9.781778097968772,2.1230456207927477,10.153434708003457,10.373020730609598
110,10.508538071665571,2.8115719220975124,10.377330201703817,10.751461239679063
120,9.902402765563068,2.0961621988961547,10.22411533860571,10.436782570370704
130,9.552600827731277,2.3249429508630053,9.983649101419605,10.250785779882635
140,9.899220062345805,1.8087569839228153,10.277150327737466,10.435105207222582
150,11.237972906947064,3.6898368709113423,10.488222244140374,11.118349786565348
160,10.106985036197885,1.4504201822762746,10.443807576407295,10.544042649675538
170,9.977812334933017,2.4646692445632223,10.182403507972335,10.476446710801481
180,10.561049494743433,2.8107131593073196,10.405356119723843,10.778290422983495
190,10.7612231143222,2.0723610068893974,10.68076655089271,10.879956537484155
200,9.684621065300679,2.7557099855033615,9.94670267948653,10.321377413810012
210,10.161915087762285,2.0317938005728733,10.37559058161697,10.572656523569899
220,9.58307895635013,2.4168749716220623,9.978606310071475,10.267125621119643
230,9.792546617022769,1.6674999947998626,10.243898503723711,10.378728861823612
240,9.508692202358871,1.9808765669553208,10.033530896570502,10.227199725533259
250,9.431458387663094,1.6141222393676726,10.056870868250856,10.185580114274003
260,9.50700204311762,1.7682843405671889,10.072248654853526,10.226290748570266
270,10.213131406670245,2.028149711915273,10.403415507391342,10.599266270519516
280,12.440868839577977,4.015167506519712,10.987628821995491,11.698271549051926
290,9.5710631843691,2.370256694361436,9.983164740246195,10.260686869213975
300,9.348180358607303,1.6734929271106669,10.001470160310976,10.140512015903354
