timestep,mse,res_ones_norm,res_ortho_norm,residual_norm
0,198.95059377262092,45.664341416605,10.159943626150834,46.78094196891326
10,18.64443255406269,7.240283761897975,12.35585080607103,14.320920294963225
20,11.25299156878537,4.853105017640629,10.0115073262916,11.125776703522279
30,12.79770030962709,5.668442190650428,10.423217667167474,11.864851596454884
40,11.448539275071901,4.257925794505817,10.382870506477143,11.222028872970828
50,14.407028705026544,5.915759224930307,11.112205386328311,12.588777373331057
60,13.588919170600844,5.409958730424831,10.964052964652693,12.226124115050087
70,13.177739326158363,5.8279715240368315,10.535173491820519,12.039731416761006
80,13.135233933512684,3.341686710977696,11.546458469778281,12.02029838517495
90,10.970217903723388,2.59553413499801,10.674061996026508,10.985098858952398
100,13.613041421659487,2.642782624828534,11.948186290653437,12.236970852227048
110,15.402338520278937,2.0216004179659404,12.858415745073273,13.016363690488534
120,13.52821806128333,3.4548872319814388,11.69932275340792,12.198786770581599
130,14.216865785682614,2.0123610461245223,12.34244411219064,12.505419770743753
140,14.668358129040048,4.065090467197093,12.034408124745639,12.70243832574835
150,16.864618194670864,6.787193726748905,11.808674839157856,13.62023495176862
160,15.40636993804104,4.347546438559009,12.270652357679452,13.018067034642717
170,12.033965603788982,2.488729273590953,11.232980381201163,11.505373598526855
180,13.21566339329047,4.30000216592964,11.26420342053514,12.057043473679407
190,11.351430652333807,3.037470067737573,10.753581392413887,11.174333858251769
200,11.41734217919542,1.9341550596457096,11.038560059011163,11.206728513315099
210,12.406474146715862,4.135949001294831,10.925435527820515,11.682089522592886
220,18.56722897851232,3.8750700512206437,13.755847878693931,14.29123923120859
230,12.68976583816746,3.833657043868417,11.175441731307096,11.814712193694863
240,13.814446660860755,7.358553353330027,9.889924459552947,12.327161606366175
250,18.32234317515167,7.597414175947343,11.992709150387277,14.196681828042367
260,11.97286305327462,4.430517757345822,10.586406660801584,11.476127116149456
270,11.345168919373007,2.582796605905764,10.868579475056745,11.171251412133875
280,12.17963224880169,2.0085740440907025,11.39919229797549,11.574798259011626
290,13.412559016314331,4.395323590638202,11.323395237870882,12.14652827681464
300,12.262694713594152,3.815419626130755,10.96960413716338,11.614200009020667
