timestep,mse,res_ones_norm,res_ortho_norm,residual_norm
0,137.16384337753232,37.556626423179985,9.91474098817286,38.843304148242275
10,7.991296907831602,1.0984016984078686,9.311164250247243,9.375727491034903
20,8.907893701179136,2.374732388462787,9.609759455686511,9.89882976482425
30,8.188214791543171,2.2673116007221226,9.215728989733028,9.490540696239329
40,7.854614542386774,1.3256949608944772,9.20017895678739,9.295200910483565
50,10.201997649185694,0.26286466881668424,10.590225507841204,10.59348734558373
60,7.902858281624969,0.36417528542339284,9.316588295044568,9.323703185852425
70,8.516476156158415,0.1793944875513694,9.677244201505857,9.678906845183631
80,8.782923546985476,1.7860040287213408,9.66552371194812,9.829148438030643
90,8.190854916303943,1.9783886344378476,9.28360826890442,9.492070589673434
100,8.158866291501234,1.0750886583692938,9.412317120834766,9.47351725635804
110,10.661984962071086,3.4081429980376097,10.279416125817127,10.829673798539915
120,7.8020432881644854,0.9933751536543127,9.210628750194614,9.264042107514912
130,7.508488785770217,1.6417869627541095,8.93856320738423,9.088089823690806
140,8.56329490875704,0.5173147873968988,9.691678358626433,9.70547494954922
150,12.070477503593066,4.240825530031627,10.714039917946716,11.522814436565563
160,9.630682129741034,0.5384530528063606,10.278500461500931,10.292594591605722
170,8.439145982108618,2.2089598201331033,9.378224902199367,9.634864078086146
180,8.740309786900534,2.481122400311252,9.48617094989225,9.805274481415902
190,9.68321400960806,1.8479175593129065,10.153844335997656,10.320627602316085
200,9.221769874155601,3.890588729759049,9.2899293835628,10.071716269619175
210,10.288960307638925,2.6614180768585562,10.30026296772071,10.638541412431882
220,8.123579535101033,1.7223684510300614,9.294773897465591,9.453008774253378
230,8.999368467385256,1.0278272773624908,9.896293459126369,9.949525272154336
240,7.572725939528698,1.103777153507822,9.059893008761737,9.126882563877748
250,8.021482018602368,1.4504620894320308,9.280757616258843,9.39341802565105
260,7.786336429909994,0.9946725408990758,9.201104676363123,9.254712352580707
270,9.34300489894231,2.5879613487768367,9.801811564481465,10.137704567029235
280,12.936351052411036,5.279840454215727,10.69687554169667,11.928950564761402
290,8.105704294304502,2.294060418273722,9.15969617589248,9.442602778754887
300,8.186088502200915,1.2755809555696267,9.403183862394597,9.489308379656025
