timestep,mse,res_ones_norm,res_ortho_norm,residual_norm
0,791.5384330853296,798.2576297937774,392.8399032193012,889.6844570325648
10,18.66779625779595,15.721329437177637,135.72264386801376,136.63014403050283
20,15.524518698076369,14.913309289230051,123.70170534038782,124.59742653071278
30,13.465535095639096,18.231483188017545,114.59994815183873,116.04109227182884
40,11.96350488041011,0.5103152447725866,109.37661751380439,109.37780798868712
50,12.006448151434775,4.272240729174023,109.49062110786822,109.57393919830926
60,13.674811466621357,17.8882238758231,115.56306898481793,116.93934952196953
70,14.599215299132496,34.406310565868836,115.8249588490213,120.82721257702048
80,11.844428152802934,15.729980260626087,107.68934893388132,108.83210993453602
90,13.250816964911516,17.867510054854655,113.71705698509429,115.11219294632309
100,13.942867575080482,10.87357146038544,117.57819958978949,118.07992028740738
110,14.563184795172594,13.189803018275406,119.95504946233687,120.67802117690111
120,13.418129995609322,6.681372889108018,115.64380334426058,115.83665221167833
130,14.852451100756374,23.42082197094707,119.59898076054652,121.87063264280027
140,14.565934271432317,1.443606591234406,120.68077838430634,120.6894124247538
150,15.503542118471488,29.2717153716849,121.0235877739152,124.51322065737232
160,14.202067194524988,10.871546970602457,118.6755099462015,119.17242631802453
170,15.730473477866338,15.00243643995343,124.52068253399311,125.42118432651773
180,14.847000617630995,17.49761497481925,120.5853809042538,121.84826883313113
190,13.209753133512352,21.874165045390885,112.83294748024333,114.9336901587709
200,14.00691872872838,6.349471517499274,118.18038305986676,118.35082901580529
210,13.764418158167194,12.575797600742675,116.64590636997232,117.32185712034733
220,16.54745715070729,36.60628510584433,123.31843755682657,128.6369198585977
230,14.75338461370908,9.898630604818228,121.05949663639957,121.46351144977277
240,14.129959462625122,0.3544793097327456,118.86897747959345,118.86950602498995
250,15.120327719795135,21.12771267504413,121.13607009027459,122.964741775011
260,14.147294717902481,11.642960870189619,118.37117968524988,118.94240084134204
270,13.70333580952056,25.153272259770965,114.32693778872238,117.06124811192028
280,14.376688415228411,33.20257735785421,115.21404980306923,119.90282905431552
290,13.857718882845653,19.842785618635197,116.03440326790385,117.71881278217876
300,12.61121141969747,7.415884483483705,112.05452278701246,112.29965013167882
