timestep,mse,res_ones_norm,res_ortho_norm,residual_norm
0,541.5018763264138,658.5884475898682,328.27295506572113,735.8681106872439
10,10.70718351583586,22.52415769712862,100.99428615456789,103.47552133638109
20,12.537686807104292,5.354886849011406,111.84369447554286,111.97181255612634
30,12.671703221724558,37.03612749740299,106.30159209400708,112.56866003344163
40,9.801107343243348,13.63565913095375,98.05700456014239,99.00054213610827
50,10.038116613966002,10.43470479353428,99.64553953809367,100.19040180559215
60,12.530395221217004,19.812191421513287,110.17201229120907,111.93924790357046
70,13.23036750346869,46.42822193962918,105.23681727890303,115.02333460419537
80,9.280850818411192,22.79106608150449,93.60244721843381,96.33717256807567
90,10.763316171878353,15.474925771227076,102.58578285636546,103.74640317562027
100,11.630660469056904,1.4176069648179148,107.83622239094896,107.84553986631484
110,10.940158226324606,14.007461349183746,103.65302336582242,104.59521129728935
120,10.291444986049449,18.173749238549536,99.80561018632052,101.44675936691841
130,11.146389090610224,19.8328720577693,103.69689617606875,105.57646087367308
140,11.054910464151838,22.51995737921264,102.70229785058505,105.14233430998115
150,11.579986015812546,31.2399510981427,102.97597521363028,107.6103434424988
160,10.68567345742072,3.484397222516012,103.31278930227585,103.37153117479066
170,11.907061734535052,9.427950186411426,108.71143219467581,109.11948375306332
180,11.26705543338187,21.730635617870647,103.8981949266935,106.14638681265542
190,9.255093847594187,11.506023403716739,95.51285396755408,96.2033983162455
200,10.40076282345182,7.270920034555919,101.72461130573521,101.98413025295562
210,9.80208421780392,1.0126974286635237,99.0002962708794,99.00547569606401
220,13.406160647422858,34.757549274530916,110.44488859087782,115.78497591407469
230,11.495194314832823,15.100862516934113,106.14687120248753,107.21564398366883
240,10.663505652959977,13.25604962830212,102.4098764827493,103.26425157313628
250,11.002892129791311,8.98118828185074,104.50947510554849,104.89467159866278
260,10.086612626257303,0.4077308059713444,100.43130180300942,100.43212945197021
270,9.689255834242845,28.1714974810794,94.31660810226575,98.43401766789185
280,11.242428212945695,35.90598349162083,99.76566825539308,106.03031742358266
290,9.494971983570219,11.744725136632765,96.73176011546138,97.44214685427563
300,8.745691868079438,13.440119138038336,92.54758271092108,93.51840390040581
