timestep,mse,res_ones_norm,res_ortho_norm,residual_norm
0,316.6430575063005,58.16250413945931,10.009832406023872,59.017570541062646
10,18.622192439083655,10.786712500745109,9.406962860359842,14.312376351602838
20,2.7614924525084374,3.1897751312763214,4.494635868397343,5.511480470580732
30,2.0164005095479487,2.2717025374116604,4.125502779849367,4.709607797367784
40,2.202594149431841,1.6431956774989749,4.639875387248987,4.922249043247431
50,1.5611887313344475,1.1916608498078882,3.9690074910125914,4.1440410283537155
60,1.9960881609267809,0.8623429874272786,4.605793562702262,4.685826476748215
70,1.76882866671005,0.8022467154162475,4.337454961312496,4.411022028261766
80,1.445657636669238,0.8072362919276271,3.905202116710037,3.9877605248261356
90,1.5533173064242278,1.0265478417186544,4.004084152378578,4.1335808169995305
100,1.5762881440779863,0.9381328986140021,4.0569787095073515,4.164032851078129
110,1.8736684229723621,0.5838565649606205,4.502162165476535,4.539862624870491
120,1.4936683760186915,0.9113487692107674,3.9496576506152565,4.0534370768775485
130,1.488119248965429,1.4966770095788289,3.758892079804619,4.045900609088132
140,1.5493418603745384,1.0617087807543446,3.989427894947977,4.1282878368786164
150,1.736818068790646,1.4023754601371603,4.139848043769505,4.3709265329786895
160,1.2497780400977054,0.7265801188059131,3.6358822549734398,3.707770009193499
170,1.450742442313618,0.9981354191031157,3.8680605670777237,3.9947674357151004
180,1.603188301389863,1.5289277204826204,3.911195640827535,4.1994132108294
190,1.651085189311179,0.5326691074430906,4.228262137616204,4.26168242392872
200,1.7160997449556459,1.2219024167463692,4.169418625955121,4.344778152508146
210,1.9761920456708217,0.700103128165206,4.609551834214724,4.662414878834684
220,2.0618490187845624,1.712595162667522,4.443799839713529,4.762387973131776
230,1.5337598738922773,1.5524813246226954,3.8027832372504244,4.107475941842514
240,1.773080954111794,1.747892759801537,4.055707262052218,4.41632092303421
250,1.5071432490883552,0.9368407908411909,3.962436759443355,4.071679719719112
260,1.6159519149291839,0.8650346732675488,4.126401104869221,4.216096662105961
270,1.5204686155906997,1.1476894930264676,3.9252978994076804,4.089639931766328
280,1.3649235491744485,1.0727931628756302,3.7233417611879567,3.8748108393725404
290,1.7011440020579285,0.8675972347482191,4.237907391731732,4.325804436476204
300,1.7524841624240892,0.9623150129121533,4.283838886161438,4.390595151760747
