timestep,mse,res_ones_norm,res_ortho_norm,residual_norm
0,0.4043420168800963,18.49930796595094,7.8814733179146375,20.108257430222448
10,0.05904770648527288,0.9110316288249833,7.630054249908933,7.684250548054305
20,0.0597900148237968,2.479320265215092,7.324137208319529,7.732400327440167
30,0.05373793865432624,2.0183036818002766,7.047296566936692,7.330616526208845
40,0.050562149959733474,2.0147347855426423,6.8193103539623365,7.1107067131005675
50,0.04824155643728368,2.0550010229970153,6.634645976445532,6.945614187189185
60,0.04666792476454032,2.098425285974612,6.501118064127331,6.831392593354617
70,0.04557782442596573,2.2295353809176204,6.372361917782311,6.751135047232112
80,0.041657930945374885,1.5345078943089543,6.269227740932561,6.45429554214671
90,0.04235903428139594,2.044190761343537,6.179022447979427,6.508381848155188
100,0.041253125294034576,2.020886263269669,6.096650228196015,6.42285958853489
110,0.04008955334440183,1.949508165876814,6.024032806648837,6.33163117564517
120,0.03980771061655757,2.0591369337238183,5.963863320426789,6.3093351960850494
130,0.0385075768727164,1.8807762372050072,5.913565558804719,6.205447354761492
140,0.03909782574072821,2.174818716125446,5.862421794166527,6.252825420618123
150,0.03751549441087041,1.8969002421135002,5.823853010021815,6.124989339653614
160,0.03724745745879875,1.9085472884195747,5.796973754181145,6.10306951122128
170,0.03714997826534137,1.9839525607148096,5.7631510913886785,6.095078200100583
180,0.03758372926346876,2.1676827373863983,5.734534053740179,6.130557010865225
190,0.03826416972243057,2.392884210393342,5.704233066598944,6.185803886515524
200,0.03761051245998011,2.3124865819025553,5.680045622043958,6.132741023390773
210,0.035797720579086395,1.938278145530249,5.660459204838969,5.983119636033229
220,0.03634029359885369,2.135705095818624,5.637291667329983,6.028291101037979
230,0.03584987051964536,2.0685795608841566,5.618794276349479,5.987476139380044
240,0.03646560126769031,2.258295394619186,5.600509189201646,6.0386754563969
250,0.03537904821691969,2.0463107770460813,5.584949455515668,5.948028935447413
260,0.03549540414381125,2.1190253683435807,5.568225537110329,5.957801955739319
270,0.03482108688300893,1.9898556047995402,5.555318312667311,5.900939491556318
280,0.034776335618722815,2.0045072470736547,5.546015354752636,5.897146396243086
290,0.03604227256945613,2.325686305367429,5.534749838834862,6.003521680601822
300,0.03507584565768296,2.137299220351819,5.523386434096971,5.922486442169619
