timestep,mse,res_ones_norm,res_ortho_norm,residual_norm
0,867.7785788800161,831.4877117359315,420.00805243728314,931.5463374840867
10,149.94310242381215,167.31527862604926,349.21154041941355,387.22487319878115
20,106.6325665023776,76.97538355670684,317.3442245081443,326.54642319642335
30,192.5796374293795,315.2474174546372,305.2846265660315,438.83896525876037
40,115.14015024960015,145.1866482949965,306.69363770131446,339.3230765061524
50,87.07565738700723,27.766832406323747,293.77654842605523,295.08584748680715
60,85.41471052967194,12.121043331928313,292.0064910891836,292.2579520383867
70,83.59799320496373,58.95491698516572,283.0588471824118,289.1331755523114
80,101.45684748531109,157.4470058915342,276.8885837680967,318.522915165159
90,77.97313853739394,62.01397916740554,272.2634843772086,279.23670700213097
100,75.79917557549848,2.389037760827365,275.30613519149153,275.3165007323362
110,76.86480396022405,42.71883563914232,273.93412536933033,277.24502513160456
120,75.95300903149362,10.927400505839115,275.3790132702175,275.5957347846545
130,76.36061053563107,1.9281448698531554,276.32751001844156,276.33423699504027
140,76.76513307048064,16.607096845698692,276.5670577000056,277.0652144721178
150,83.12300716172864,68.3010512201694,280.10350509043695,288.3106088261905
160,75.65441078768119,42.37628260289568,271.76950060748305,275.0534689613661
170,75.91705011987698,52.74735201002224,270.43440420147687,275.5304885486849
180,75.19938144963469,21.27479038516144,273.39854561372874,274.22505620317537
190,77.96898181066173,34.61408462388882,277.07552572595074,279.22926388661654
200,75.7947196639317,59.90674012707782,268.7115593927407,275.30840826958354
210,73.83700981424622,20.138672131699423,270.9823678747717,271.7296631106847
220,74.13951205386822,15.656750374602918,271.83520416159416,272.2857176824892
230,74.69012699059058,36.407848930108244,270.8589956543312,273.29494505129543
240,73.94827421955345,33.167808187356144,269.90400278543524,271.93431967950175
250,73.59594747697453,32.82461155542219,269.2925776051211,271.2857303231678
260,74.61987186127618,49.14343268321188,268.7094990605781,273.16638127938836
270,74.59498370195983,35.68221712263887,270.7799163216738,273.1208225345695
280,73.84539196748875,29.166125469221686,270.17536729428605,271.7450863722999
290,74.65211614160141,43.57128311238026,269.72886280400587,273.22539439371553
300,72.92655164747156,21.147387006600233,269.21987235392675,270.04916524120483
