timestep,mse,res_ones_norm,res_ortho_norm,residual_norm
0,40.91143975610105,70.56574155125983,3.4163971615036473,70.64839453408922
10,29.006119665553282,45.84442807466419,37.90824466662155,59.48736503827935
20,22.86776175696756,34.798150932014394,39.73607461819534,52.81919096644744
30,19.01329762391496,27.390490881904487,39.615442940423264,48.16245747589739
40,16.726165814098863,23.82062609016361,38.38189680034949,45.1729147755606
50,13.682135580541047,14.21681194072,38.30277795497618,40.85609551616512
60,12.157809801604934,12.989359451789815,36.25643855686877,38.51302112008096
70,10.741105184994442,12.015599082435283,34.147330953670476,36.19965238188513
80,9.485122307631508,13.11217086833475,31.38878616083517,34.01742085360153
90,8.744471858152453,11.408324979801563,30.60515786350129,32.662295796447
100,8.585605250490897,12.40262458347726,29.893456541544587,32.364237061297914
110,8.296173783798151,11.713712008007667,29.57908302528717,31.81404095086593
120,7.638854137592976,10.555860601466582,28.644615754950326,30.52769570056579
130,7.268876327118796,10.14910323619579,27.99640361563487,29.779236254620315
140,7.210458924464818,10.677388196664342,27.670731289260157,29.659332237673652
150,6.245228849742586,8.695167208410394,26.197556887740124,27.60286071530622
160,6.198821126460888,9.042611641106854,25.970894326848796,27.500112316647513
170,5.851621878894371,9.017967262199324,25.151026533384567,26.718867289335325
180,5.829673175914942,9.061387809038528,25.08209278421222,26.66871064490413
190,5.503531337630293,8.645415848290765,24.427189932552995,25.911982231988652
200,5.48587090813719,8.392979624010948,24.471087916634886,25.870373997929313
210,5.491384543934465,8.337000135025514,24.503945460039475,25.88337138705089
220,5.458420701738171,8.338312434059137,24.421299542900485,25.805567725048345
230,5.444628467858219,8.919241594443578,24.180401205493887,25.772944594646198
240,5.456866677955183,8.511672885660829,24.357527776809338,25.80189401401634
250,5.412946629857874,8.88888681779076,24.111556979655347,25.697849887542354
260,5.414535590640608,9.02648079166702,24.064413281354287,25.701621389674116
270,5.386788223555486,8.953985715858408,24.02112201946389,25.63568144742342
280,5.36466592524916,9.153799601902437,23.889269468290745,25.58298737208768
290,5.363148019914639,8.991871100274095,23.94682259811605,25.57936782701218
300,5.353965087701015,8.930328755268706,23.946460469604784,25.557459590098617
