timestep,mse,res_ones_norm,res_ortho_norm,residual_norm
0,18.919566561902098,118.04055996696346,70.61156254175222,137.54841533766248
10,8.981659457638663,74.51442090479209,58.55988844646266,94.77161736320987
20,4.482785605393192,44.91420068663063,49.653803299186045,66.95360785942152
30,2.4383043803833746,24.790213698858878,42.705382390844875,49.379189750170816
40,1.492055680489977,8.747906820780322,37.6235273033367,38.62713658155335
50,1.203773884376135,1.366978160741612,34.6685052329083,34.69544472082949
60,1.0788530446697384,3.173905963678708,32.69219120223457,32.84589844515961
70,0.9975747792230765,6.471242934572052,30.914362262625243,31.584407216585156
80,0.9039621747889565,5.1636248547686545,29.619236201296136,30.0659637262629
90,0.8582750526889671,6.524317188616806,28.560608150235286,29.29633172752123
100,0.7914672663784263,5.9821641021285545,27.48965221740047,28.133028034294963
110,0.7251497492858467,4.5648316716726045,26.538878293837925,26.928604666522304
120,0.6604180354543572,3.742388177142261,25.424644858600153,25.69859987342418
130,0.6189313997456424,3.7211163608148605,24.598469317722156,24.878331932540057
140,0.5810907518780599,4.429247141568405,23.6954114046785,24.105824024041574
150,0.5495352978895447,5.061770137188412,22.889162959090754,23.44216922320852
160,0.5064497827604709,4.310643289094104,22.087737258367117,22.504439178981354
170,0.47350310609130236,3.8647934767413785,21.41416534617774,21.76012651827425
180,0.4534918903884616,4.6594502877467505,20.779350649249803,21.295349031853448
190,0.4350458783096707,4.856456352520515,20.284494324624752,20.857753433907273
200,0.399437787484983,3.7545613549872225,19.63010587125346,19.985939744855205
210,0.38092634069225056,3.7001159214493637,19.1633891277114,19.51733436441182
220,0.36225702911740726,4.032653918738178,18.600933618748627,19.033050967131025
230,0.34373733342831386,4.583359282972554,17.964691790050367,18.540154622556788
240,0.32703213398028513,4.351860548765997,17.552590798636516,18.084029804783146
250,0.3202553193985538,5.13441803670713,17.143309797786724,17.895678791220906
260,0.30385739418370183,4.9762921432547085,16.706103994908066,17.431505792205726
270,0.2858692064074063,4.847580116183855,16.197844715411527,16.90766708944218
280,0.28163246502973505,5.176078189896611,15.963730128068805,16.781908861322513
290,0.2642535145543558,4.385557443581548,15.653127497832573,16.25587630841093
300,0.26213737517763974,4.7000130682284995,15.493458372362223,16.190657033537576
