timestep,mse,res_ones_norm,res_ortho_norm,residual_norm
0,137.90253809746383,37.65164683531372,9.964005703576866,38.94775884530588
10,4.356954845221663,1.203104788359773,6.817553972332312,6.922897030682913
20,1.6897664144424887,0.17030559099543358,4.307949229568876,4.311314249607348
30,0.9008506408220752,1.0611782813053785,2.963656138003967,3.147913126031725
40,0.4648258858952724,0.5856421731732172,2.184057689221818,2.261213113540605
50,0.4875538997694242,0.21328531344657725,2.3059926870074112,2.3158352483420894
60,0.762634811137483,0.9894627302724626,2.7221216776466983,2.896374099199258
70,0.6607602162839477,0.891969360635974,2.54416057645937,2.6959900554570715
80,0.8132015386864476,1.3993382559679977,2.6433065223192274,2.9908555507665233
90,0.575942688070451,0.3421684097115203,2.4936500051471637,2.5170160048706407
100,0.6488726103256086,0.7217380994469292,2.572293301586821,2.671628475963994
110,0.6504267151426021,0.9270238005342535,2.50904777551398,2.6748259507056944
120,0.5338079830180438,0.7116675749374035,2.3163369953400985,2.4231978485461068
130,0.6057474266226267,0.643402059555383,2.499851092087044,2.581321694955686
140,0.6144978126391883,0.6363703759520778,2.5208150831906897,2.59989921709113
150,0.6117631148731454,0.8974125424335866,2.4339361109707633,2.5941076044768456
160,0.7425551821949521,1.5353215239419111,2.4105797689072976,2.857990028699273
170,0.5203240619001843,0.4889797772352814,2.3418931355544306,2.3923972665303785
180,0.5856000939202082,0.7978315317356598,2.4093704323101957,2.5380309362027664
190,1.6274313541053251,3.3452798584044396,2.5905303634800636,4.231045366710049
200,0.9032356739654477,1.3831558864381008,2.832396901465534,3.152077475827636
210,1.041329230478935,1.590101306771667,2.9876745755639655,3.3844676886134226
220,0.882596025041488,1.787751365894773,2.5519602914617896,3.1158556249377742
230,0.7218306337045848,0.5059729929095813,2.772026028232158,2.8178248651664695
240,0.8765451370077811,0.3701427720346878,3.0830165155892484,3.105156438423931
250,0.6628259684444857,0.75023723412705,2.5938831402780536,2.7002010393467635
260,0.5871409460925924,0.044682637756444474,2.5409749839188978,2.541367822063252
270,0.7525230333887903,1.057177086539868,2.675841918905482,2.877108508081802
280,0.5887393063633711,0.06549685302753004,2.543981629697937,2.5448246246052166
290,0.5332256234815297,0.5632238426963467,2.3554746361010106,2.4218756900998915
300,0.603933917923113,0.4310838641680221,2.541149306752401,2.5774547711170883
