timestep,mse,res_ones_norm,res_ortho_norm,residual_norm
0,576.1309644802822,677.9787550334257,341.2854702497725,759.0329139637372
10,57.274279643165386,77.30245458234434,226.4919648877416,239.32045387547925
20,67.97020992956513,144.31914825899253,217.12253078702835,260.7109700982395
30,40.815651784286004,32.768912354569906,199.3535807739217,202.0288389915806
40,41.04629987481908,65.3423199984682,191.77247219566436,202.59886444602563
50,37.01194598079975,30.489042623252473,189.95358449030974,192.3848902091839
60,34.535681057097655,17.731001483661228,184.98997984616366,185.83778156526097
70,33.953081280069384,16.15377785489903,183.55417930704806,184.26361898125572
80,34.17871264848325,38.329405196412466,180.8578705662888,184.87485672336098
90,35.053789078809274,53.74950001750463,179.34542181688818,187.2265715084514
100,33.201966394602046,43.59453558340385,176.92225089532792,182.21406749919734
110,31.949190148492647,14.077784506079777,178.18812006386128,178.74336392854602
120,31.100353618006384,12.754280054284425,175.89110824115946,176.35292347451
130,30.880459969884708,32.760012731086476,172.64773828736864,175.7283698492782
140,29.870574386949922,17.795574498409685,171.91245421789972,172.83105735645407
150,29.594788620215052,17.15252087547454,171.17412084725737,172.0313594093096
160,29.542166987031653,2.869621778137403,171.85439260572332,171.87834938418408
170,29.02381685533253,17.613073613962232,169.4508674902601,170.3637780026392
180,28.59763812596011,3.855732603508413,169.06440030961676,169.10836208171406
190,28.48076310750565,19.55133103610006,167.62609749744362,168.7624457855054
200,27.932379415342393,12.489862460244776,166.66248153398698,167.12982802403164
210,27.777556763557417,9.226312297945896,166.41043213974953,166.6660036226867
220,27.66384692589374,14.904978264755169,165.6553305777418,166.3245229239926
230,27.71244278139236,22.12012461965454,164.99437223191376,166.47054628790153
240,27.631125435153628,3.4377043152329705,166.1905762195759,166.22612741429558
250,27.181907858864047,6.271559196137446,164.7500391627067,164.86936604131176
260,27.391262852264756,4.35258812798094,165.44581538634608,165.5030599483428
270,26.879747165875344,19.256829666829702,162.81560636824116,163.9504411884132
280,27.007730844948316,12.348599624351946,163.8756935371008,164.34028977992074
290,27.190143664915997,5.535387968386292,164.8014051668111,164.894340912343
300,26.74842392224182,17.207182873839553,162.64174365699623,163.54945405669142
