timestep,mse,res_ones_norm,res_ortho_norm,residual_norm
0,86.75000590155317,261.4755552593227,135.57484981876985,294.5335395189369
10,13.124185621106983,7.329891026391555,114.32610514947238,114.56083807788325
20,10.156132772310738,15.02757072797765,99.65091515047096,100.7776402398406
30,7.65329308559161,10.623752745183587,86.83564339141395,87.48310171451176
40,6.273496599390226,8.507909674933007,78.7471400899957,79.20540763982108
50,5.633855275961521,14.549004813545015,73.63546519780374,75.05901195700301
60,4.826963310823716,1.4697488058158232,69.46080297024731,69.47635073047314
70,4.2703111191852035,2.858350168033671,65.28507450790038,65.34761754788926
80,3.84560231077015,10.177364220500241,61.17208160830748,62.01292051476168
90,3.5715081334250938,13.268560840160719,58.270519361475124,59.76209612643363
100,3.055452004902188,7.23987018156404,54.799966100868055,55.27614318041905
110,2.669035888974838,1.1940986974701309,51.6489110947708,51.66271275276626
120,2.452710256103629,7.438175397710416,48.96308612471772,49.524844836744606
130,2.2025668652659656,3.391964332349816,46.80877528021891,46.93151249710546
140,2.0354874881424307,6.093696331884029,44.70295687264114,45.11637716109784
150,1.830511719974918,0.6257042646021825,42.77990432607553,42.78447989604312
160,1.7236855164454754,5.514973784215094,41.14936913981666,41.51729177638487
170,1.6247216021212454,0.17997093027221978,40.30743371371467,40.30783549288209
180,1.5726861847099818,3.4089181374108355,39.51032095342194,39.65710761906347
190,1.4898424906044505,2.5184144323976163,38.51623137524157,38.59847782755753
200,1.4514064292657662,2.308210403214388,38.027340085789056,38.097328374385604
210,1.4801054539372647,6.16324390037551,37.97525350227104,38.47213867121588
220,1.4354252826588236,4.709512112424274,37.59316132385986,37.88700677882621
230,1.3552219135088388,2.7324288922658813,36.71179300793614,36.81333879871315
240,1.3430054952943133,5.117817002784371,36.28792422308453,36.64703937965949
250,1.294457164789863,3.0164474474330514,35.85189269183341,35.97856535202402
260,1.2683273816400256,2.1484993010006055,35.54871773205929,35.61358422905543
270,1.2477983073812358,0.04064771923248692,35.324165314189045,35.32418870096291
280,1.2656847127881377,3.5468842213950262,35.39921362273682,35.57646290439984
290,1.2209792730496616,1.0398833522282123,34.92703702954805,34.942513834148535
300,1.1836316451525324,0.5989524415688458,34.3987340046879,34.40394810414253
