timestep,mse,res_ones_norm,res_ortho_norm,residual_norm
0,61.938751598209834,24.085802317777553,10.059840669178104,26.10222725325002
10,10.885255322511359,5.291934568269938,9.577746972684892,10.942477258264006
20,10.477976236231303,3.6774492945494197,10.08633259835121,10.735815693208613
30,10.6889369366068,3.7684720421860867,10.167444357848073,10.843353093147654
40,11.065618052674337,3.3511677410473535,10.511492441646013,11.0327602429953
50,10.43442348040911,2.0854411528330026,10.508548590674678,10.71348021347406
60,11.542962955814026,3.2399583261208225,10.792370571795367,11.268211593414204
70,10.746163605876635,3.0797039229647094,10.427042889118601,10.872341038830735
80,11.117279744283811,2.904762600577228,10.670165482381693,11.058484398285414
90,10.619328471036091,2.51972346860427,10.510166831366753,10.807988396616505
100,10.426765345501284,2.5805003852210753,10.39400964798417,10.709548020365478
110,10.371539948022301,3.0328245083124368,10.241528935174902,10.681148787852612
120,10.309566029590265,2.4190797732240577,10.370789718062515,10.649188998486828
130,10.214139265247322,2.139264784689637,10.381670294259367,10.599789239306626
140,10.549912582481955,2.63620494805133,10.44506878288368,10.772605924626664
150,10.143589872992587,2.7779695940613696,10.191289100863981,10.563119264825067
160,10.49708908731166,2.6422299371387257,10.415690131705924,10.745602819778341
170,10.459977501632697,2.3351479275393787,10.46932837743034,10.726590908483443
180,10.151540103745253,2.343942109471338,10.304022347056746,10.567257976466637
190,10.554935689784575,3.1469689494085378,10.305381071027348,10.77517018833718
200,10.263768765023999,2.4982311196521314,10.327647248432996,10.625509701433808
210,10.770234343881329,2.509873799363571,10.591180826232874,10.884510911506066
220,10.58230285921282,3.0891203576623236,10.337440053863299,10.789130245359958
230,10.090685814475332,2.3092006638683573,10.279354855885588,10.535537193671173
240,10.453048185794668,2.1541967255064853,10.50442604389019,10.723037351596856
250,10.26258143459148,2.6413728410433897,10.291333504221143,10.62489509503535
260,11.118696045149244,3.6193968839632737,10.450149410080156,11.059188781128645
270,10.475790250010565,2.208432212663892,10.505071152171443,10.734695745577339
280,10.419439134896866,2.494119999443241,10.411205305450602,10.705784907416435
290,11.359079631506459,3.62681499123236,10.573366964498266,11.178098046920642
300,10.629482362262566,3.24163725845144,10.315817653948116,10.813154303203493
