timestep,mse,res_ones_norm,res_ortho_norm,residual_norm
0,166.51974797849908,41.69965940024991,9.63616280822604,42.79856572086838
10,8.220069582191138,1.9381782948620396,9.309362507789038,9.508983405396316
20,6.072908872048904,0.07885485566380321,8.172868499142524,8.173248900684351
30,4.637320157647086,0.10111920991338039,7.141449197432159,7.142165059288251
40,3.790246669375867,0.7906583179200057,6.408398613338472,6.456989496904462
50,3.505714061302262,1.579838362363581,6.005577859217983,6.2098997314227935
60,3.1224877813597995,0.20492084324479204,5.857078883109022,5.860662555970766
70,3.0249181951148616,0.11789181074241067,5.767165826228977,5.768370666510906
80,3.073440239808524,0.6660780750121523,5.776173702017788,5.814451189742138
90,3.1452986143091817,0.4509852597402242,5.8647162806821305,5.882030666139118
100,3.186153368417816,0.13503227540345109,5.918568520951273,5.920108702768554
110,3.2950352875994975,0.017993775876421043,6.020387395145281,6.020414285046709
120,3.3542754988840104,0.15891590094287167,6.072213453441144,6.074292591547111
130,3.266339921942156,0.39099026542923365,5.981376576817688,5.994142068833847
140,3.405415554574212,0.7578215347968862,6.0733250877681835,6.120422460934893
150,3.4930869929394706,0.2555699805806928,6.193435307433199,6.198706068393159
160,3.376736120897162,0.0005098359011258812,6.0945957265380715,6.094595747862919
170,3.5023506893669394,0.4052796434225145,6.193674676124315,6.206920136672965
180,3.4740332351406757,1.0875059376952658,6.085367402386233,6.1817768955655
190,3.4781092584932267,0.7658374867905403,6.137808630712744,6.1854023186390625
200,3.2834380743376754,0.1374585593243457,6.008238008117097,6.009810214783361
210,3.492058068025008,1.226298651174257,6.075263810436817,6.19779305465059
220,3.571816136268674,1.0775222441073757,6.174862209993776,6.2681717828211605
230,3.528798077225529,0.7308151809035729,6.187300543923958,6.230311296354366
240,3.549584318143008,0.09055311153669739,6.24797788356874,6.248634050700447
250,3.41892065776596,0.15536719086702347,6.130578135170258,6.132546553873485
260,3.4039526137073093,0.6781163105831638,6.081417352895745,6.119107676024373
270,3.459797746488587,0.5402700911642752,6.145395303800058,6.169098411548843
280,3.6085300571995753,1.1216814927263719,6.1996500915834325,6.300304010854978
290,3.5151915053676945,0.5895687479341525,6.190275862229727,6.218288073018541
300,3.450554267946114,0.5277430316597514,6.138206923845255,6.160851966035806
