timestep,mse,res_ones_norm,res_ortho_norm,residual_norm
0,1952.7075130909045,1249.5410698400399,625.5834299866917,1397.3931132973657
10,799.7554021661505,751.4984397112952,484.77365571742735,894.2904462008696
20,427.0197929848494,453.993665129158,470.01015415354954,653.4675148657731
30,299.5989464520533,275.280500597379,473.0957539895172,547.3563249402105
40,250.6404238571661,187.47045141729524,464.214663385983,500.64001423894
50,222.65812266044964,126.92724925313772,454.4750774877336,471.866636519737
60,205.91807505862658,83.99254363625687,445.9409463955266,453.7819686354082
70,197.46267824665352,49.705733624445934,441.5790057186927,444.3677286287265
80,185.20684306922968,42.71901449808892,428.23116288932283,430.35664636348963
90,178.6644976162654,23.24788579454864,422.0474302994262,422.68723379854447
100,171.50849852877408,13.673715070046065,413.91004825318896,414.1358455009347
110,166.5841863048826,4.496210403578808,408.1224943529691,408.1472605627564
120,157.58313634273304,6.580327351679056,396.9128816688592,396.96742478789497
130,153.95937449573253,12.309661696832974,392.18343504620645,392.376572307436
140,150.0326967501388,24.00888634832439,386.59574509615607,387.3405436436248
150,144.6136012719065,22.10626192003299,379.63787278909535,380.2809504457283
160,139.15978624526215,17.398825818212075,372.6353004016255,373.041266142584
170,134.12068213208386,14.607592186455571,365.93346442023864,366.22490648791745
180,130.61071626815118,16.427755816514736,361.02748525144756,361.40104630195964
190,128.33754125591955,17.683654652545044,357.80557515786296,358.2422940635563
200,122.89164740750807,14.31761724932935,350.26654599577415,350.55904981544563
210,119.18552122308176,6.480941687101454,345.1717233753805,345.232561070189
220,118.3119386955864,15.35211030098183,343.6222510328644,343.96502539587715
230,115.3833147507268,8.200214573610168,339.5822009936233,339.68119575673717
240,113.04560304822834,15.503043724383366,335.864941134838,336.2225498806235
250,111.1844515248799,15.482161418225346,333.083704498884,333.4433258064703
260,110.38044187426232,22.17604092442063,331.4945928415436,332.2355216924619
270,109.15648637935607,20.204257044622,329.7700325630437,330.3883871738776
280,109.32748218432849,26.149831620907303,329.61139011042485,330.6470658940262
290,107.86738246637752,21.393072741382976,327.73421991769396,328.4317013724125
300,106.77607878132095,28.08495846946643,325.55692879908,326.7660918475492
