timestep,mse,res_ones_norm,res_ortho_norm,residual_norm
0,365.41953265075267,538.773885625076,274.120836163926,604.4994066587268
10,48.879650664599225,67.51529975916894,210.52632843192984,221.0874276493334
20,43.824932218156,68.0648137080936,197.9699809391275,209.34405226362654
30,37.0693948477346,41.4281397401444,188.0242114340748,192.53413943437303
40,35.27856069589975,52.53756401057134,180.32849210187186,187.8258786639896
50,33.10822173023379,48.19930591718832,175.45668593511928,181.95664794184847
60,31.44497141027301,38.06989244306338,173.19253650098952,177.3273002396219
70,31.661427562653245,49.09933025316467,171.02831149065324,177.93658298015404
80,31.332374065475072,47.06271391585744,170.6384336084612,177.00953100179402
90,30.696751874743022,43.94177718841453,169.60504736671825,175.2048854191658
100,30.535941977518966,44.51797871519217,168.9795595586421,174.7453632504135
110,29.733530141359736,36.39693768672702,168.54908207518736,172.43413276193243
120,29.26005201899713,33.30173644788521,167.78273560933712,171.0556985867385
130,29.43713141259697,40.40716798388686,166.74649078202188,171.57252522649705
140,28.75317294870115,33.8591844346621,166.15272666471856,169.56760583525718
150,28.587506250293,34.17346740106602,165.58888965169518,169.07840267252644
160,28.146021001460014,32.751359722749406,164.53987187843282,167.76775912391514
170,27.547529946003937,24.859697903472895,164.10217965082612,165.97448582840659
180,27.1934607652064,23.04144566896147,163.28671883129599,164.90439886554393
190,27.418101115102086,32.67574435754506,162.3280531694459,165.58412096303826
200,27.443594705112822,34.626999412979124,162.00174572135438,165.66108385831845
210,27.027521388828987,31.954226225913406,161.2651506529918,164.40049084120457
220,26.757160791107417,29.808638584048307,160.83720296272566,163.5761620503043
230,26.581243702092785,29.086870126502856,160.42193643120237,163.03755304252078
240,26.22036625301851,25.89509728754543,159.84307989239656,161.92703990692385
250,25.866203283950043,22.909242765442936,159.18972919087474,160.8297338303774
260,25.87791592382387,29.48635954065973,158.14066689141922,160.8661428760691
270,25.659943662018495,29.926600959164883,157.3669031818616,160.18721441494165
280,25.40756987587643,25.967691731114268,157.26807960305948,159.39752154872556
290,25.222061653895388,19.372473629075746,157.62857900579496,158.81455114030132
300,25.038822886170056,24.6116494747552,156.3108748497744,158.23660412865937
