timestep,mse,res_ones_norm,res_ortho_norm,residual_norm
0,96.35306511185702,30.933731012011634,10.14830044425849,32.555855329424645
10,5.288881803460044,5.364584034018803,5.42207875081237,7.627430749476555
20,1.2336205284696273,2.3526575530675076,2.8345772614554554,3.6837244485935563
30,0.6892454801569816,1.177465086310267,2.48903118747981,2.753488747339781
40,0.6244277116842464,0.007188920319017087,2.620811543768715,2.620821403401367
50,0.8414595725277059,0.6856235145682161,2.964114656027309,3.0423765871115895
60,1.1627543762185182,0.4465494972571376,3.548364649370622,3.5763526306005815
70,1.0219630292755442,0.37126889622985143,3.332229393172573,3.352848538486489
80,0.743294909366816,0.6293772368045526,2.7892881344219784,2.859413227051133
90,0.5771420035948622,0.5250377688741816,2.4643249340943467,2.519635298915993
100,0.7118032648656001,0.23538225374287114,2.7882666852624634,2.79818439591132
110,1.1698795088729907,0.4333036976102393,3.5610282929569923,3.5872934919801165
120,0.6238978822458082,0.2062804457390394,2.611575210942544,2.6197092786612584
130,1.037442242572354,0.015488485323373432,3.378109645218503,3.378145152046592
140,0.9024010520678376,0.033058439240017015,3.150447382887266,3.1506208233848474
150,0.6515094316350866,0.11754573377151188,2.6744694330760392,2.677051315904488
160,0.7932331750086536,0.7447890818354109,2.8584705960834995,2.953906722477064
170,0.8907997867319871,0.35000064565770567,3.1106747181425196,3.130303124946825
180,0.7858486376647061,0.45792471859543593,2.9042451629315074,2.9401249997766707
190,0.7673915523903971,0.43148500223124187,2.8731738146418975,2.9053927576653673
200,0.9444462908857088,0.010675189604608042,3.223165406874072,3.223183085048505
210,0.4717637235604518,0.2815120633886059,2.2605645129771585,2.2780256713138614
220,0.7023933702148747,0.45645529537094287,2.7418927104632393,2.7796271462848434
230,0.8354372132774639,0.5548819950440897,2.980254237079111,3.0314698326145524
240,0.8614637708635694,0.14587472742680685,3.074869435178902,3.0783277082694207
250,0.620104500223555,0.3928510534859508,2.5820181161707763,2.611733045787625
260,0.6971011607116797,0.07137292660788173,2.7682157923788924,2.769135743842919
270,0.7012375032545571,0.25189909837491314,2.765892149024982,2.7773391106957264
280,1.3033964571052759,1.1778600247829003,3.598611786533309,3.786470787971041
290,0.8569177875994273,1.134166959197391,2.853026633639904,3.070194727308628
300,1.083493932693267,1.3348396710212365,3.1838084603653303,3.452308395787656
