timestep,mse,res_ones_norm,res_ortho_norm,residual_norm
0,63.0833487944034,24.385147673892096,9.964005703576865,26.342301280230576
10,18.237618833712535,10.573274962502094,9.424418482758723,14.16382035931118
20,9.102376946996246,4.520222519327996,8.92713474709096,10.00630533298673
30,6.7089058207888,1.2861501426223814,8.493749574793764,8.590574138477404
40,5.820690187590781,0.4294890018283695,7.990189688662407,8.001724318139097
50,5.195604734653439,0.5978969143861995,7.5361907725956145,7.559871168293004
60,4.698076334452655,0.5356156930128553,7.168818278375982,7.188799599305798
70,4.283144486616115,0.9693711062144311,6.795212212375259,6.8640068001698005
80,3.807607275417483,0.3001145586645846,6.46479785308635,6.471760195618524
90,3.3891490090444503,0.9485577072494173,6.031656271332666,6.105787344764715
100,2.9851038719567122,1.1341743953247256,5.616920066416614,5.7302829416638605
110,2.541982960347144,0.721183363331294,5.238483284336483,5.28789301743318
120,2.245484884956265,0.3823228962092243,4.955215730677435,4.96994303131524
130,2.0352087759437802,0.8099569881363365,4.661680621058321,4.731521587753941
140,1.7761350335298325,1.088750714272225,4.2839359531860275,4.420122777573962
150,1.472032524452996,0.3671694186585828,4.007186592484167,4.023972883728586
160,1.359431791229649,0.940936233963108,3.7507850787723713,3.867007848909301
170,1.1916205828330264,0.7751142583242439,3.536527152123358,3.6204732302785074
180,1.0460061184621985,0.5559221355670955,3.346194537421682,3.392059448636504
190,0.8909677722812869,0.09823048001861776,3.129056769681475,3.130598264724197
200,0.8076949650947439,0.20889377929439765,2.9733832590189726,2.980712098818365
210,0.7737006276057555,0.420918487219735,2.88678619415778,2.9173115883743566
220,0.6571739376397719,0.22609780562466653,2.6791403651785775,2.688663852927229
230,0.6709120712530312,1.0266990079706781,2.5151385510176905,2.7166215753732326
240,0.5494888493868065,0.3239016097263679,2.437101780901146,2.4585315420500247
250,0.5174159209168234,0.07967575074653878,2.384371385675485,2.3857022299702573
260,0.47810334041768504,0.16917438256284295,2.287032306916327,2.2932807818918586
270,0.4608195167653511,0.028801306393407326,2.2512630164351957,2.251447242201971
280,0.42748691088662377,0.3627590172129676,2.1379340296612392,2.1684916462262107
290,0.4456310236717048,0.6891629034052592,2.1040427165242597,2.21403280472281
300,0.43240898449990095,0.4383601808188785,2.1364314127468145,2.1809398958932613
