timestep,mse,res_ones_norm,res_ortho_norm,residual_norm
0,98.3265682914763,109.46573744052795,3.6185160164788264,109.52552821858522
10,4.115672586786509,20.390532472147232,9.291837336623106,22.40785700570124
20,0.9042716561275493,0.7015660370718644,10.479930684083186,10.5033871702209
30,1.1202300630071012,4.698124182519967,10.704937965840225,11.69051186590503
40,0.9090688473562539,3.5507044095312312,9.914580050289496,10.531210727046675
50,0.8428689457692281,2.1642755434740732,9.906862407228934,10.140513368850998
60,0.8255869429388941,0.05233946803284901,10.03587901574302,10.036015496129183
70,0.8453584824603303,1.1783239666709244,10.086886907749546,10.155478071472572
80,1.540048259815699,8.642202249977583,10.639465586578948,13.707147321653594
90,1.1732189673870992,7.629983740511804,9.214991163357215,11.963808508214518
100,0.7874238121476755,1.807379454134029,9.633228150043504,9.801311396033514
110,0.7650808695219941,1.0792325457647292,9.600787634035317,9.661255926725223
120,0.763359891033583,0.29332092449803104,9.6459250225859,9.65038375952465
130,1.147840071073809,7.717013441171253,8.971298246061544,11.833701393520316
140,0.8301711086837916,4.11014134412921,9.18627309580454,10.063839985781897
150,1.3278489019316893,7.6543578561016306,10.16899069949429,12.727826445849505
160,0.7631917016284956,2.6833285250922447,9.268718122000623,9.649320577049789
170,0.7559953914261216,0.8986326439959671,9.561584446373502,9.603719995605184
180,0.7269457272827973,1.0074568300985085,9.36335460526777,9.417397662226081
190,0.7453497608002521,2.4059508839432593,9.227354505040077,9.535862353118922
200,0.7237425441489848,1.1986176642333373,9.31986620511067,9.39662654287038
210,0.7263250445638478,0.32027374313657603,9.407926454126155,9.413376410023634
220,0.7167101644110203,0.3667538329177724,9.34366799946277,9.3508630648804
230,0.7824633423150953,3.713581651752833,9.037136663689797,9.770390358754435
240,0.7232614956171277,1.503058459170814,9.272470961594037,9.39350320515672
250,0.7493157119503547,1.2587594091643808,9.477976662124856,9.561198505310058
260,0.8821075549925349,3.7594503649848963,9.668694568673901,10.373867249444118
270,0.7089645350139328,1.2374486788764014,9.217504762073457,9.30019748562899
280,0.710417368034055,0.008059652317636416,9.309718252565931,9.309721741285005
290,0.7034764957163776,0.9564606425474181,9.214625088230983,9.264131501516916
300,0.9479140176345908,6.256657896603568,8.746413100024963,10.75386024418302
