timestep,mse,res_ones_norm,res_ortho_norm,residual_norm
0,2240.1495876876716,1348.2794928923122,649.839977789704,1496.7129276142675
10,93.71243927579073,171.64725313622418,253.4751659760375,306.1248752973053
20,46.456509832756026,48.003690813442255,210.12414307033703,215.53772252846142
30,24.753465085764514,0.25982774512266943,157.332125058131,157.3323396055767
40,16.26933760479034,11.410363765627636,127.03991972418115,127.55131361452277
50,15.443546912144495,14.189138042668072,123.45936689352739,124.27206810922756
60,14.322043369917443,13.290360933784436,118.9344763984236,119.67473989910086
70,14.438407209883211,25.935563786262367,117.32754894299944,120.15992347652029
80,13.6101350563325,13.29787855324325,115.90212026669612,116.66248349976311
90,15.532382403504606,15.318002440088511,123.6840377928779,124.628978987652
100,13.9652653102304,15.501137008811249,117.15366004382646,118.17472365201621
110,14.507922004190718,21.755043823946533,118.4678862494342,120.44883562820654
120,13.630939372557169,13.230158477348114,115.99957878898276,116.75161400407777
130,13.629604437248954,14.641434972969055,115.8241460973543,116.7458968754318
140,14.74408855753491,25.953710737403675,118.61911084009225,121.4252385525139
150,14.812223045246702,23.938058584887294,119.32808720679806,121.70547664442509
160,14.95064535543437,23.36461819537151,120.01974825843821,122.27283163251913
170,14.564657236038888,23.554085380057707,118.36326414030594,120.68412172294617
180,14.71753806481553,28.08049133593578,118.02128651708541,121.3158607306379
190,15.379905629452503,29.696025069993812,120.40785574245064,124.01574750592161
200,14.688360171867927,19.986276547296864,119.53622430729062,121.19554518161105
210,15.09480280813641,24.833193909831152,120.3250401552941,122.86090838072299
220,15.248975799687422,30.049890151985828,119.77470476499202,123.48674341680334
230,13.979898917901313,19.490064636515793,116.61919352476139,118.23662257482371
240,14.483161040570122,20.393329215198012,118.60553597573207,120.34600550317455
250,14.339326153378082,23.531977037561568,117.41197643375976,119.74692544436404
260,12.80351997923784,9.169324975345297,112.78051010141047,113.1526401779377
270,13.225858684936197,17.793695803796478,113.61884999672436,115.00373335216642
280,13.539783679619353,24.80330705310132,113.68632124776018,116.3605761399425
290,14.22160007732931,26.73017201322352,116.2200412212661,119.25435034970133
300,14.968110034788292,28.754074456533885,118.9172537394654,122.34422763166349
