timestep,mse,res_ones_norm,res_ortho_norm,residual_norm
0,210.68816002895875,407.2959289987315,211.65582026020235,459.0077995295491
10,41.20123695944331,12.501544391874333,202.59552894193226,202.98087830986273
20,38.73652973118032,18.374170853292025,195.9564226470629,196.8159793593506
30,35.64888720009846,12.341755253810382,188.40532974773694,188.80912901684192
40,32.42932088146854,21.204746774912216,178.82863192363908,180.0814284746446
50,30.063732000626594,26.761656509447672,171.3112539837851,173.3889615881778
60,28.034230688564765,21.794761212246428,166.00969571764756,167.4342578105352
70,26.69655276368334,9.642466520992192,163.10602564919202,163.39079767136013
80,25.65850237046484,10.322494788225693,159.8497684446615,160.18271557963064
90,24.850713890860682,1.6229689412625892,157.6327372809226,157.64109201239594
100,26.09536694077202,38.39501337910294,156.91140777008704,161.5406046193093
110,25.05738610729864,37.68940476420283,153.7429506540665,158.29524979385403
120,23.185432147510692,20.333181706715894,150.90392264348984,152.26763328925387
130,22.446153120381748,18.653405780922842,148.65464531306773,149.82040288419248
140,21.759260000032086,12.568765001891041,146.9737600606289,147.51020303705127
150,21.345054930989612,19.15664354233802,144.83810941593174,146.09946930427097
160,20.40987804736934,0.5781319817557932,142.861974684592,142.86314446829644
170,19.978668830813053,2.907960947341049,141.31600261096332,141.3459190454859
180,19.417363799100766,2.5010295070323822,139.3237547961787,139.34620123670672
190,20.798020563644478,42.54999258974621,137.79520562870474,144.21518839444227
200,19.57894063894848,28.706487047304662,136.94845103304894,139.92476778236397
210,19.43514466865024,29.501245681511904,136.2527840885804,139.409987693315
220,18.39374797143113,5.538954734967827,135.5103979474457,135.6235524215139
230,19.338963054221608,32.46703991244703,135.22150115105654,139.06460029145308
240,19.760251678151782,42.700065625049724,133.9289217225623,140.5711623276687
250,18.89095381828404,34.07407614761185,133.15371250164523,137.44436626607887
260,18.48186530938287,31.151567226105104,132.33081715435875,135.94802429378248
270,17.750293907124888,19.87480540237449,131.7394626425303,133.23022895396107
280,19.714846683692958,47.89520236070192,131.98824294049973,140.40956763587357
290,17.415366747870777,21.15907225480567,130.25997239822632,131.96729423562027
300,17.18381463683008,19.432884287362853,129.63864256117478,131.08704984410198
