timestep,mse,res_ones_norm,res_ortho_norm,residual_norm
0,69.84417105974319,92.23655852938458,3.6614395999500133,92.30920251680581
10,113.0947777109774,116.6923384271133,13.433578568322936,117.46302771825373
20,2.8903579812611024,10.703633834151207,15.42906012880461,18.778276643873753
30,1.874750311762158,6.320471770113721,13.739402266408053,15.12347638722603
40,1.2384140719540677,0.6816119491811219,12.272812307255814,12.291725541127098
50,34.55230040166789,63.84570035909658,11.7943713126192,64.92596282692682
60,1.7065922453626117,5.568047850826174,13.311690240730085,14.429284595371962
70,1.3730874390153076,4.076413793918173,12.284116498170357,12.942823013541812
80,1.136272989448647,1.6148994988566512,11.6626499699394,11.77392477947498
90,1.1044745682006625,2.547421901125741,11.325040352164125,11.608010049981901
100,1.0071563026301014,2.8806251053242025,10.703974398486213,11.084812534313441
110,5.181247598566344,23.585541555653016,8.708296994915754,25.141841758811026
120,0.9432319955606397,3.3117159315501916,10.203275995831666,10.727269151950932
130,1.4112449944875556,7.682896555831495,10.636963374942793,13.121428631345056
140,2.363159074341724,13.001160140899527,10.92132052731608,16.979558506324313
150,1.9575267051790488,11.091866599908714,10.760518266406756,15.453745760554105
160,0.7944697030856106,1.1444263518414737,9.77832256072867,9.845064945262905
170,0.7646585164447983,1.5516010324450349,9.533146030685824,9.658588872411196
180,0.7735595656848628,2.715535778927085,9.327386152986277,9.71464188807561
190,0.7270542345586847,2.1062992391414324,9.179549015684362,9.418100478130372
200,0.7245608340927325,3.342413484570464,8.78775818155432,9.401937128023851
210,0.6559523099535047,0.13803131882654385,8.944670433803058,8.945735398184297
220,0.6452090582536105,1.124449049106186,8.800631763851086,8.872175894725064
230,0.6436268539865913,0.031094291849488295,8.86123633198994,8.861290887131746
240,0.6502432821550539,2.1165711303866415,8.651578299531849,8.906721081459583
250,0.6528330277371819,1.0247032568682322,8.865416663603568,8.92444000394065
260,0.7719373140585861,5.261467629939931,8.15434305718381,9.70445012945852
270,0.6047684370771533,1.504270259880478,8.456885969944954,8.589630336831306
280,0.796733073075452,5.549497310408041,8.148896521430316,9.859078806623119
290,0.7029024684245244,2.7239069769226667,8.850674094602287,9.2603510272447
300,0.6076013152428046,0.6671179310473776,8.583840290085622,8.609724760967806
