timestep,mse,res_ones_norm,res_ortho_norm,residual_norm
0,94.98732216647916,30.719051898488352,10.059840669178104,32.3243026812841
10,24.763989545311023,13.324287649418489,9.73998170603904,16.504662523009102
20,11.669711139199348,6.191017245610281,9.488842289539274,11.329908319628753
30,8.340565749501145,3.1770787252184585,9.036171424794732,9.578424883273481
40,6.782271027598023,1.2599358344465783,8.545030309873434,8.637417513561461
50,6.022323922985919,0.5298395255214023,8.121873751175917,8.13913774013225
60,5.413212908797697,0.8935971432147002,7.664647815941264,7.7165628356655445
70,5.0431567371491735,1.332465544806936,7.327977871182695,7.4481356129330045
80,4.58090272202708,1.301997240934154,6.978161156558204,7.098586474946817
90,4.132726678663935,1.0514964408177914,6.659906057914841,6.742402647818008
100,3.735247414789317,0.8380137764795469,6.354955111809443,6.4099704806404905
110,3.5288564989551428,1.0240888544997846,6.145621490670889,6.2303628697297055
120,3.2006257833273195,0.48380789041419736,5.913781661658931,5.933538877988457
130,2.9762048383288158,0.09487124383631525,5.72094858119787,5.721735158290444
140,2.883990134382002,0.6176334839639817,5.598430169046367,5.632396601643213
150,2.8798025476627966,1.2588463510003745,5.48572090876521,5.628305963990476
160,2.7375689567482917,0.9122854611209199,5.411191528827879,5.487554876648725
170,2.603272598486986,0.6911458227314831,5.306440995156515,5.3512614011424295
180,2.5087701509707894,0.6622176944432743,5.211327986784647,5.253234399936736
190,2.4667037338665483,1.0370259774438864,5.10473487995592,5.209005766221807
200,2.3589316681736983,0.8731468316965504,5.018551878800193,5.09394231906003
210,2.2812215595920406,0.6634914689307086,4.965200522251707,5.009335001326269
220,2.255597370974436,0.978599427336211,4.884046912298861,4.981121468175495
230,2.14566623276412,0.8242300006184684,4.787794217224232,4.858222777971933
240,2.132231260691195,0.8811565696345333,4.762153606026693,4.842989145930759
250,2.0836168787373084,0.803153232000765,4.719611271284651,4.787461296565268
260,2.2004375255465485,1.4268799754660084,4.708378310695324,4.91983869461307
270,2.0328519122135047,0.6626496771321619,4.682122001800593,4.728781136228293
280,2.0324992907192696,0.835270588460813,4.654010661995124,4.728370987762272
290,2.1102132364583053,1.2923795315186166,4.641346867834065,4.817919219024055
300,2.066445277396345,1.2325064992678936,4.6056297919635485,4.767693158264255
