timestep,mse,res_ones_norm,res_ortho_norm,residual_norm
0,137.97629108555387,37.795346308342474,9.447274706154952,38.95817246664803
10,5.9651064159575045,1.4184935770495655,7.975214514193438,8.100380890768813
20,4.985199313721367,0.5956657634920908,7.381217700971732,7.4052138693581995
30,4.360381358100245,0.374361501363314,6.915493359508033,6.925618740524394
40,3.9482159248837405,0.27754295945023927,6.584325711823554,6.59017262093499
50,3.7270220081954144,0.24028106789201156,6.398398791773004,6.402908877233031
60,3.362264622277519,0.36075187374224166,6.070812872313244,6.081522082920748
70,3.1753120172164624,0.24429193372734814,5.904977022859347,5.91002810394173
80,3.3892552390416952,0.9390527144214504,6.033240226362312,6.105883034374196
90,3.8385205216612883,2.630883187134937,5.941563716221924,6.49797858862848
100,3.279610799642583,0.5928883069870079,5.976972666116726,6.006306585254237
110,3.360598857036488,1.1093197075813912,5.9779592850548005,6.080015413418075
120,3.2233710600550554,0.9168356910425199,5.883578330934007,5.95458492765076
130,3.105387194538838,0.6339419964006502,5.810109868593431,5.8445922988628745
140,3.558926537932837,1.9274961784856708,5.952558307079767,6.256851597829471
150,3.0337696957421856,0.6731603025831236,5.737449072557441,5.776804190308344
160,3.0817937561878006,0.018541379470145954,5.822318055148925,5.822347577916128
170,3.157491878767507,0.3520367085847586,5.882897315290434,5.893420964638668
180,3.114403097469444,0.4655352696256124,5.834527486000772,5.85307048241894
190,3.2655748778439717,0.6801566929041362,5.954721700414001,5.993440051947103
200,3.300057608460857,0.43795804245238323,6.009062027148722,6.025000721416507
210,3.2747531120638174,0.15078559882954276,5.999962327872368,6.001856732103991
220,3.191657778414388,0.9989144037036306,5.840411421863334,5.925220296542422
230,2.9574618004748374,0.08879560955237568,5.7029987852837065,5.7036900165790225
240,2.925512036821412,0.5047206697736726,5.650299943413513,5.67279758188458
250,3.2281372072639027,0.6434388614472181,5.924145146051237,5.95898559151664
260,3.1674614943850217,0.3162745328401925,5.894238445983667,5.902717716292661
270,3.440004902550643,0.8749099161993007,6.088890421628,6.151426983071251
280,3.357119156119934,0.7839542960869234,6.026087153283308,6.076866850385918
290,3.3233355559135753,0.5317912098924584,6.022780854732342,6.046212956475261
300,3.296217238937276,1.2929413420240186,5.881045171939692,6.021493969797698
