timestep,mse,res_ones_norm,res_ortho_norm,residual_norm
0,96.33574149977314,108.33131227643547,4.157793097034351,108.41107168076664
10,1.4557895853837424,5.552180020206521,12.115264191920705,13.326902468946658
20,1.054586082756831,0.5451906187783345,11.32970737863646,11.342817202808718
30,1.0054172858156278,1.8317410550548403,10.922711823385857,11.075238546844334
40,0.9649484068622289,1.3590297119907722,10.76460607171104,10.85005555917535
50,0.9368401291161148,1.358472161246917,10.604199599181596,10.690860384092854
60,0.9362109532785715,0.130356968093683,10.68647478642303,10.687269824421282
70,0.9692595339931593,1.566000585914029,10.76091563539471,10.874266096944908
80,0.914110919486694,0.7896434318176166,10.530811717430142,10.5603755699017
90,0.9113818622973997,0.07895777511416974,10.54430428572847,10.544599907074842
100,0.8990103663820418,0.5270223940746079,10.459517775440364,10.472786863992273
110,0.8935670959557287,1.4262592945461194,10.343160548464851,10.441033747029023
120,0.8895628193217063,0.5646220554987599,10.40230099024694,10.417613160280437
130,0.8947905970459031,0.2549876860855757,10.44506745404475,10.448179403111347
140,0.905352051122385,0.8124494695658648,10.478209584482126,10.509659853531463
150,0.9004572387633509,0.735832824381904,10.455349500791016,10.481210957190434
160,0.9065642756951798,1.102459155731704,10.458748751392552,10.516693474415423
170,0.8738015528962,1.32485877843353,10.239557542713648,10.324911111159087
180,0.9509088554060494,2.2121760315848293,10.541212338475097,10.770834710436235
190,0.8734251872567623,1.6131287360058364,10.19586624698447,10.32268728797521
200,0.8881449610174711,0.7015288867638403,10.385641167745367,10.409307625588335
210,0.8692062462016074,0.21865571095137934,10.295404397917764,10.29772606144658
220,0.8821195449745061,2.4319332058621317,10.084854256215845,10.3739377522178
230,0.8619101825920816,0.6893129939045405,10.231221328495845,10.254415745240387
240,0.8601317953594182,0.7301499322747275,10.217776671578227,10.24383126734568
250,0.859357447489819,1.1763480600076557,10.171421426500533,10.239219139844499
260,0.8651203515055726,0.032970838973561255,10.273441283594181,10.27349419057021
270,0.8669363276789461,1.9970715286510305,10.088505205741972,10.284271096039399
280,1.0721644781822977,4.191983065495929,10.641021770339334,11.436960537583415
290,0.9980194527810493,3.231965444619524,10.550486842040671,11.034417666523595
300,0.8815047329768828,0.8881951867618911,10.332215964322112,10.370321953689755
