timestep,mse,res_ones_norm,res_ortho_norm,residual_norm
0,107.51062001550132,114.46782667072813,3.6622805970181385,114.52639714009675
10,12.375761650565668,37.17549243274734,11.306002111788077,38.85669725245587
20,4.592442460064434,19.79726809995557,12.974827779448287,23.670191805895044
30,2.928522496123221,13.700259935970458,13.022389266715829,18.90184500325386
40,2.108481327478402,9.60143395227205,12.84706923825518,16.038538647656306
50,2.1306063667128097,10.186437328405571,12.496818446845916,16.122468072195485
60,1.94352525709999,9.206383509101737,12.343118894733953,15.398379179842232
70,1.7615828522556067,8.063124897635864,12.243329810974979,14.659915005728513
80,1.6814821743440056,7.789385631032415,12.019413328487978,14.322738050734875
90,1.7166288371465441,8.437881654859176,11.757162553544514,14.471652225363847
100,1.5912328859478413,7.482272072547552,11.753553365600188,13.93306901173021
110,1.5541271406966592,7.369558840826835,11.631556802792284,13.769659079475876
120,1.4870313993480506,6.874138577389038,11.582920596262152,13.469143652083535
130,1.519960091649872,7.344954384040232,11.466768344989472,13.617456854394081
140,1.4060424094213744,6.276002629066702,11.495606332393063,13.097220084789278
150,1.3247564574901582,5.475635805671679,11.473347390253881,12.71299680696095
160,1.3062772054767053,5.375912979922701,11.422144225164411,12.624017548631578
170,1.2995791297576333,5.481631108765458,11.335800554784212,12.591610454204467
180,1.2935724959775954,5.600559907456978,11.244979912487713,12.56247764213997
190,1.2839533917525503,5.641916399697437,11.171888521312601,12.515682713851895
200,1.2542585494713923,5.333196820531999,11.161386773558977,12.370106832016846
210,1.2276774673469184,5.081115013359249,11.133684081980197,12.238327133081711
220,1.1707084324670896,4.325135168490894,11.140899179835898,11.951001161450238
230,1.1620370784441145,4.417711852005083,11.056778263257149,11.906658791205112
240,1.1446386926278715,4.298216851622439,11.007781447550146,11.817187503826801
250,1.128837454499388,4.127673376660414,10.985466851460348,11.735338488894358
260,1.1477243796402345,4.555872882565025,10.92091555658303,11.833105015848908
270,1.1293402166703113,4.2539567581896485,10.939988954895272,11.73795154333915
280,1.1352749806063844,4.444652457432255,10.897183680502971,11.768753019499512
290,1.1244622898513872,4.369240123905553,10.867112776700303,11.712574412223352
300,1.1232057281428336,4.433797501845915,10.833860740569383,11.706028311661719
