timestep,mse,res_ones_norm,res_ortho_norm,residual_norm
0,82.31468507804439,253.2037400495216,134.91683031771376,286.90535909606916
10,54.53641660277142,199.79927123684607,120.89941197539659,233.5303333675765
20,36.08104285198905,155.9887047310738,108.39080610601138,189.9501062173671
30,21.97968519461235,114.48385604528073,94.19730303790962,148.25547273073042
40,15.19747311051453,88.04467183149447,86.28794164075863,123.27803174335048
50,10.056158774743638,61.766936197761666,79.00002764230709,100.2804007508129
60,7.128607190514725,39.86533851128076,74.42689013989313,84.43107952948799
70,5.776089525273731,25.855539230834886,71.46733950803325,76.0005889797818
80,5.187182477463146,18.80291683053638,69.52433240331817,72.02209714707803
90,4.66353222774066,9.170225960139833,67.67155372518528,68.29005950898461
100,4.387109065129897,4.854172742032346,66.05714247619561,66.23525545455303
110,4.20791218194458,2.559894637863675,64.8178919850655,64.86842207071619
120,4.064725764595973,1.516581053511201,63.737161424902695,63.75520186303211
130,3.926479394905392,1.0135885027076579,62.65342794494623,62.66162617507937
140,3.8504063134503106,2.8312357795016925,61.98701813614831,62.05164231066178
150,3.7251989845074633,2.9785892484475656,60.96168461088076,61.03440820150109
160,3.606527374110596,3.200290697110132,59.96903795763766,60.054370149978226
170,3.5018024512668635,3.877245105886311,59.048873161608626,59.17602936381304
180,3.3821707315799285,5.428585898338864,57.90251451123937,58.156433277668675
190,3.2692912256008846,5.85195660706255,56.87746328265652,57.177716162862644
200,3.1811305357978306,5.571412292361028,56.12566169646785,56.401511821916884
210,3.1174139375445913,5.497900137226351,55.562460633288,55.83380640386782
220,3.057095718429861,8.062982704321758,54.699945414412156,55.291009381542864
230,2.985236679981683,8.341944328673902,53.99674661309687,54.6373194802022
240,2.9159143485754937,6.6431325237846375,53.589020693113326,53.9992069254308
250,2.867425609252661,8.532977124436174,52.864107962269735,53.548348333563574
260,2.7753537280934317,6.789999465306105,52.242220811854615,52.68162609575972
270,2.702793337547196,7.359090404234926,51.46491159974429,51.988396181717285
280,2.640028140123875,8.201647077703905,50.722392740649234,51.38120415213987
290,2.56759169036081,6.633285855779332,50.235358156544756,50.67140900311348
300,2.4923127698539944,7.420938313612984,49.368435709464656,49.92306851400457
