timestep,mse,res_ones_norm,res_ortho_norm,residual_norm
0,18.454366662551895,47.288932053567294,3.897388621170117,47.44926482919763
10,0.7911784819516421,3.474234388235074,9.189856920197682,9.824651383031377
20,0.442360411336965,0.3164216372537076,7.339471883629462,7.346289552087484
30,0.40703893796324425,1.2690292110036474,6.931689209214105,7.046896510629044
40,0.3717698112165678,1.0387526633325708,6.654089710309049,6.734680168235257
50,0.35873257656861207,0.3854192582920704,6.60430362238959,6.615540366543815
60,0.36258293665141617,1.2340923187951012,6.53545212056241,6.650948674548073
70,0.3593665063507403,1.3413984418196048,6.4840854401429855,6.6213830711408255
80,0.32966396282591354,0.22210998158285683,6.337954766392918,6.341845430532145
90,0.22948729050337,2.428918872572081,4.700829985425373,5.291261611507329
100,0.1919590292594583,0.3857725134024195,4.823917613056538,4.8393182959642065
110,0.18172273871584882,0.16577544597206148,4.705602259524951,4.708521437068494
120,0.22522351925476333,2.7319336038896607,4.473679484833438,5.241876510285332
130,0.17945385876911124,0.3358105010058917,4.6669692603707755,4.679035239216688
140,0.1760450392659576,0.8376642007848418,4.558049306136378,4.634381813192222
150,0.2167566652223464,2.6578159432482886,4.402309344984911,5.142403441692052
160,0.178680796761173,0.3499723260706003,4.6558110545691,4.668946048613445
170,0.17304808154665635,0.8587098910863628,4.513810283080418,4.594765059139811
180,0.17760329688556076,1.3867040627281186,4.443495702985628,4.654847174724258
190,0.17832968429812054,0.7059676918413011,4.610621552724424,4.664356491990155
200,0.16782133418851625,0.693787528472086,4.471337790453275,4.524842844895166
210,0.17269426090208378,1.2267714730212016,4.4230907274252935,4.590065340499438
220,0.16730610966449094,0.20908585092572804,4.513050906649575,4.517891696252566
230,0.1649181453379718,0.6148372371381708,4.443195798415918,4.485533829014398
240,0.16648286729656675,0.2837848890277727,4.497819021141318,4.506762675156208
250,0.16984764609451686,1.0637989424426844,4.426030347115673,4.552077857806372
260,0.16645308220081317,0.5748206171426898,4.46954777204662,4.506359509459848
270,0.16623137874375382,0.28707016290564086,4.494198363257601,4.503357437150417
280,0.1679867126456313,0.29633432660070164,4.517362605508343,4.527071784582946
290,0.16460182804806822,0.4758928086416138,4.455889255417769,4.481230079103764
300,0.16303812417164093,0.060829324490559,4.4594787747249365,4.45989362529424
