timestep,mse,res_ones_norm,res_ortho_norm,residual_norm
0,161.3142900932881,40.88360538307785,10.14830044425849,42.1243064159657
10,15.196864263412152,9.416691302798792,8.859539028940913,12.929250051628427
20,4.848363728462775,3.509559087845634,6.404295122963232,7.302876215101179
30,2.5479186866053802,1.764452971626645,4.991373685026707,5.294063236556509
40,1.872208659567858,1.1074623708081852,4.400888813920473,4.538093790926586
50,1.785952656860435,1.6550084314270455,4.11174249161717,4.432322103081497
60,1.2220778826422698,0.7545737341697514,3.587962540044988,3.666450150904137
70,0.9465132367882851,0.594485125997464,3.17147174662473,3.226708168501009
80,0.8776194903402824,1.0192297795202505,2.935129477600981,3.107058801140253
90,0.7287470367315936,0.7419894685237061,2.7323376498243106,2.8312925324041545
100,0.6945722613701177,0.280481483960456,2.749840906711993,2.764108332730701
110,0.7434173183632868,0.5246640526831385,2.8111062117640198,2.8596486675807142
120,0.6350561427223781,0.054071207675214686,2.6424787368012446,2.643031889695272
130,0.6642994837337233,0.08889539912090742,2.70173868630667,2.703200754859127
140,0.6161086336656079,0.09875786121857061,2.60143073234119,2.6033046249568423
150,0.6469736557375596,0.14308698885935478,2.6638761845724583,2.6677162917209087
160,0.7039338425141806,0.7767005678657662,2.6720794328636606,2.7826735826639792
170,0.8034340782662327,0.4655053309526064,2.9361675101709137,2.972839528284122
180,0.5655653295338008,0.2763071098032499,2.4788854362281416,2.4942370827312725
190,0.5288926925608292,0.2598960638197753,2.397972821818485,2.412015675357256
200,0.6145810272290658,0.14955867646600524,2.595770309910617,2.600075248818719
210,0.5267930612553389,0.19828904538529823,2.3990425440764724,2.4072232289110054
220,0.5886587968659328,0.5662321630865242,2.4808522533620607,2.5446506175750847
230,0.6965718193285968,0.5081713895554986,2.721038744937638,2.7680841772992677
240,0.6473809974000347,0.23345660077544006,2.658324469840873,2.66855597119498
250,0.6502972835802118,0.5877149607556533,2.6091878514753035,2.6745597991786103
260,0.6153319315982396,0.15565568243584776,2.597002609953649,2.601663169509196
270,0.5663037194020056,0.23292365056852132,2.484972331119181,2.4958647626468187
280,0.8149028989220238,0.972370476167564,2.8316828115486254,2.9939826131997265
290,0.7094566892949618,0.9877548206031248,2.613113850680806,2.793568252655478
300,0.8011703096217815,1.3006872347333052,2.6685363260112136,2.968648413982295
