timestep,mse,res_ones_norm,res_ortho_norm,residual_norm
0,89.17509987560993,266.0548661734895,135.6093951797461,298.6220016603096
10,9.38916218856638,75.51029099108388,60.72362096423613,96.8976892839369
20,4.237532976460033,37.066209225048915,53.51288732767961,65.09633612162848
30,2.8422118611943183,18.47598112034602,50.008499106001324,53.31239875670873
40,2.348932197474796,13.095865955357686,46.66294560305959,48.46578378067145
50,2.076900455299354,7.065561782338279,45.021975656331584,45.57302332849285
60,1.8664886555963862,4.738475184207148,42.94223455439923,43.20287786243396
70,1.7300215560660273,4.132242022097668,41.387753405286894,41.593527814625524
80,1.6823441098629173,1.3381260415664877,40.99455486475977,41.0163883083691
90,1.6228075978082002,0.08893916549686769,40.2839879807479,40.284086160768254
100,1.5350955986685648,1.1682941385193466,39.162873840851695,39.180296051313405
110,1.467896760220819,2.090423600762318,38.25606996791744,38.313140829496334
120,1.440056558864277,1.5985419810331545,37.914393340776954,37.9480771431739
130,1.3788155696516753,1.655937309925081,37.09546389084888,37.132405923285866
140,1.3348513997636928,1.1921673776661885,36.51616267774204,36.535618234316125
150,1.2881304158280669,1.8014170609805207,35.845296935588,35.89053379135043
160,1.2452216444660589,2.5417033047020574,35.196042231718685,35.2876982030007
170,1.2228801290168922,2.5534393392603665,34.87635411790645,34.969703015852055
180,1.2081112547154476,1.5656546095586572,34.722614826061346,34.75789485448518
190,1.186988330937674,1.2268805260750475,34.430845111794916,34.45269700528065
200,1.1758948446867366,1.1284173022976411,34.2727518457245,34.29132316908662
210,1.15072900504373,1.7222777233555993,33.87864761892604,33.922396805705375
220,1.1375515288226477,0.9046143800965459,33.71547421653698,33.72760781352048
230,1.1201837095879192,2.116671851902255,33.40214678518858,33.469145635763084
240,1.097640687277226,2.134934996328039,33.061801823837115,33.1306608336934
250,1.0838093500377648,1.4789299616846359,32.88802390242071,32.92125984888435
260,1.0772397015178319,0.4246305365743433,32.818583004530225,32.821329977894436
270,1.075835816142832,0.4991254818262016,32.796138338167566,32.799936221627505
280,1.064283457547035,0.8624217755635488,32.611956185240864,32.62335754558434
290,1.065448328694455,0.4997821206265122,32.637379590376995,32.64120599326034
300,1.055442118988192,0.25699518039657054,32.48655217879307,32.48756868385493
