timestep,mse,res_ones_norm,res_ortho_norm,residual_norm
0,1177.3488195697478,969.6418396892492,486.9738414882228,1085.0570582092666
10,149.12884690499106,12.914708595859398,385.9560301470557,386.1720431426789
20,150.48749303750634,158.51109296444542,354.0645794833526,387.92717491496563
30,121.22096054330389,134.4732140456229,321.1509228502138,348.16800620290184
40,106.46069625647701,86.49598624525213,314.609504973925,326.2831534978124
50,101.76867373291724,88.04001834499321,306.6229425576803,319.0120275677976
60,93.43575783157172,80.4944891516778,294.8836974940835,305.67263180005455
70,78.13097709502162,24.03431122706095,278.48398334349935,279.51918913559695
80,78.56176895774438,45.64408915923832,276.5472583168524,280.2887242786345
90,76.16289574590151,2.999790772334914,275.9599554305365,275.9762593881972
100,83.82538410462186,66.35181907641807,281.8205461102369,289.52613717006943
110,78.74107857153366,101.51535592566255,261.60220007259056,280.60840787747907
120,66.74506726945337,23.183598470739614,257.30835204361495,258.350667251806
130,91.44441636292129,160.58943489613793,256.23319410775093,302.3977783696853
140,64.84182557511181,26.812584080122235,253.22502030814047,254.64058116315985
150,67.33769963454624,68.96395183103695,250.16329263581554,259.4950859545248
160,65.0783735088962,71.26997168427968,244.94686085969374,255.10463247243513
170,66.39809859243121,71.26020660566901,247.62891904409827,257.6782850618795
180,60.339568274748125,3.780968092693502,245.61203666561246,245.64113717931718
190,59.42923986482433,50.1008944167421,238.57732550153793,243.78113106806344
200,56.75995721072354,8.543771077508142,238.09023748675352,238.24348303935523
210,58.600855606268894,8.87741272314966,241.91330502808594,242.07613597021268
220,58.377230569721064,3.188050737042061,241.5927707987537,241.61380459262062
230,60.83204538677048,61.16025805669404,238.93821004855855,246.641532161091
240,55.17618550016753,10.266858894650934,234.67163677914903,234.89611640077732
250,56.74121439056004,11.689151949238484,237.91716650394872,238.2041443605884
260,56.2443135126328,43.04945944693335,233.21890479538666,237.15883604165543
270,58.28099442707759,52.926113210064756,235.5415482830004,241.4145696246968
280,62.02432130566897,89.60069792206814,232.37047195706097,249.0468255281905
290,54.35381350891262,31.26732902022963,231.03282806747035,233.13904329586802
300,53.54479519923991,14.792073726317073,230.92420781311583,231.3974831307374
