timestep,mse,res_ones_norm,res_ortho_norm,residual_norm
0,11.385838257554765,37.073954276254774,3.820233205427563,37.27025982498219
10,0.24097528783989844,1.5095960019565786,5.207696710383998,5.422083097525121
20,0.24131567165090748,1.2747342849887633,5.274046306592775,5.425911162322022
30,0.5132176421366225,6.334246266917246,4.742349267052442,7.912809383567124
40,0.2071085232494079,1.405788821646979,4.826074763755754,5.0266529456913736
50,4.243336590683805,22.0756560235827,5.50930805018933,22.75273750702153
60,2.7378548237631857,17.322582233125033,5.826356775526997,18.276167226722034
70,0.37589282965502535,0.44766235410788,6.757109118153093,6.77192182603381
80,0.4206544680393912,3.4218644599940093,6.2937023061339366,7.163787064172534
90,0.30348849171975206,0.8568796498843987,6.0242305114781045,6.08486614395171
100,0.23758782621188831,0.360443474646207,5.371759050761244,5.383838296034751
110,0.3034782345479877,2.9977687063410032,5.295066326132004,6.084763316255982
120,1.017659449576554,9.675979137405417,5.525385107016046,11.142461705042544
130,0.27912181374283795,3.652541320130534,4.5510222127963,5.835482951446798
140,0.2222948943085862,2.3198584929597277,4.662427873789591,5.207684428385376
150,0.24879392629145394,3.1523085732495564,4.518385736806312,5.509342883462363
160,0.2930277622055431,3.988065268327311,4.454741564292781,5.979079108782242
170,0.1310009661516174,0.0646648685307607,3.9972410892108092,3.997764108911045
180,0.13384998760218705,1.004205073784426,3.9142394736720485,4.041002163754286
190,0.13712809645574411,0.8683120582728258,3.996956584334985,4.090186764391179
200,0.1342814955915024,0.8550926985155494,3.9561545646130525,4.047510650037044
210,0.13238970936711944,0.9780748375763695,3.898065437481588,4.01889842404465
220,0.12276480999586255,0.5584271100268223,3.829551668574576,3.8700525603013753
230,0.40233347301179323,5.747264444165571,4.006698780326391,7.006046225042964
240,0.17875039171359214,2.6502408278960856,3.844967014580347,4.669855221423705
250,0.12223503468315275,0.3289032548822817,3.847661222128642,3.861693181927409
260,0.12283458562499223,1.312121029976857,3.6419991555382767,3.871152211712819
270,0.1101452595969832,0.5375414520136957,3.626123392577665,3.665749810179624
280,0.16289169843496776,2.783865542150376,3.4817926205180374,4.457890443816006
290,0.13060896470628003,1.8199644815586236,3.5527486514009414,3.991778262149109
300,0.11787460468035169,0.6439382259070222,3.737117248925784,3.792189574771138
