timestep,mse,res_ones_norm,res_ortho_norm,residual_norm
0,278.9263969899085,54.4121481963852,10.36863036006236,55.391248107340864
10,115.05409903476352,34.58664603079329,8.328205432325102,35.575203293620106
20,54.667546333115446,22.81398963455808,8.992490568165557,24.522296174385257
30,30.78186921655589,15.86418226409973,9.323533797522176,18.401102178459713
40,18.566499520129877,11.172703916188642,8.910790196307598,14.29095849554636
50,11.712359130808737,7.949367707313091,8.102067852889403,11.350592514882036
60,7.863041285355032,5.950624813026356,7.147273499279316,9.300185704538665
70,5.734460460539111,4.641863995178522,6.444545268379726,7.9422330024955965
80,4.156574270502819,3.534877580347455,5.764282910084126,6.761827931523473
90,2.747543428631065,2.387291444845332,4.952152791696759,5.497542879772901
100,2.2804165571743313,1.963813991137673,4.607387192013449,5.008451070831944
110,1.9497376961535229,1.9150079782239968,4.216617020909914,4.631102963408258
120,1.6457008281942167,1.2491201074951723,4.0672359247021355,4.254727853827596
130,1.8066079617109585,1.8183682978495597,4.0701626886644515,4.4578792692064395
140,1.7588895115236227,1.892214111528673,3.970807270932651,4.39861167037508
150,1.3388589200375192,1.4728761053517925,3.543738717611168,3.83763574618706
160,1.110168359163912,0.9173908196737027,3.371979542461882,3.4945460292866413
170,0.933612341062983,0.8600613243138866,3.0870747108083174,3.2046428430782754
180,0.7306388506998215,0.6255687765866343,2.7650842778219142,2.834965142236856
190,0.8073932407562266,0.5793998745554158,2.9232894885186558,2.9801553060735766
200,0.8074316627196126,0.5519185735092587,2.9286744745927717,2.980226214554147
210,1.1529065568098118,0.7902920799815268,3.4723782272711023,3.5611756661119554
220,1.1629655433897634,0.6300507130433084,3.520746664598436,3.576677365556949
230,1.0812783835271274,0.6459966647304621,3.3877353096066285,3.4487769163572177
240,0.9753761289813755,0.6466142732812716,3.211078853031184,3.275536203249039
250,0.8593072272431782,0.32992389318884363,3.056718783986855,3.0744722310788495
260,0.9794656701663094,0.5430525178394349,3.237161771474767,3.2823958280240064
270,0.8365166526102463,0.3505504657721902,3.013104304477296,3.033427628725088
280,1.1079017861187763,0.6106126215602317,3.437160437584763,3.4909768901135023
290,1.1285140131521667,0.5101591841797918,3.486171503450575,3.523301597177544
300,1.2432548062228213,0.7722600424642027,3.6165477039939926,3.698080971051206
