timestep,mse,res_ones_norm,res_ortho_norm,residual_norm
0,137.97629108555387,37.795346308342474,9.447274706154952,38.95817246664803
10,5.537642019545349,1.6459029631757833,7.629224446220468,7.804746133923822
20,4.571866238857973,1.4905404753388904,6.933167942493116,7.091581532171629
30,3.842320998487018,0.21862653258155323,6.497517481516195,6.501194581256371
40,3.424495966460041,0.39739937358533706,6.124665653644649,6.137544755931353
50,3.4982683514185697,1.8575429678486606,5.91865575854858,6.20330169068088
60,2.7777402568822915,0.169033683054082,5.525085559491217,5.527670650979959
70,2.8932917881557634,1.0050262275721882,5.551227967900923,5.641472296281654
80,3.8300533501136806,2.6112219296088113,5.942399085014446,6.490807873543207
90,5.416861277268606,4.967095638364113,5.9087591734050955,7.7191627816722885
100,3.4830969784865924,0.9141121185774538,6.121965844238463,6.189835762227663
110,3.5706811012849147,1.3686617701358874,6.115901983608188,6.267175768568651
120,3.404514856093171,1.004557601880477,6.036598996250209,6.11961301203147
130,3.23204615580305,0.9915591981896018,5.879567847241764,5.962592365224505
140,4.054186284261813,2.6294088851940374,6.138587625939911,6.678027337985368
150,2.9821724069995494,0.11567729965911835,5.726300309915524,5.727468592405814
160,3.137801852859326,0.03544742149494818,5.874909689668595,5.875016628185199
170,3.4183499572437586,1.2565940133579727,6.001901449980186,6.1320346973644355
180,3.2238202495310753,0.18613383755969098,5.952090131992049,5.954999810650024
190,3.419233663441368,0.5622536623656879,6.106999354593991,6.132827267896516
200,3.536161902651766,0.9521898686364532,6.16369332326289,6.236808553192043
210,3.394974561308269,0.010888464826911227,6.111022959842703,6.111032660229444
220,3.2632495901485044,1.2660766578260418,5.8560050707066145,5.991305825246576
230,2.98183968565762,0.43410480700453524,5.7106733017017675,5.7271490763061
240,3.4587401690823536,2.544647440997803,5.6187998060910855,6.1681554665804175
250,3.4845821326133035,0.9942573182114123,6.110798298416451,6.191155260429699
260,3.2787623721073658,0.11686143739047312,6.00439251695224,6.005529626367771
270,3.8612494477124724,1.6084996665397018,6.315573825677194,6.5171883450485915
280,3.8275792863444904,2.2681159094927446,6.079393256805756,6.4887111316338775
290,3.4309774693742154,0.08835506432856277,6.142714835129811,6.143350239333288
300,3.745536583673389,2.4258730922747143,5.942730194160323,6.418792909917509
