timestep,mse,res_ones_norm,res_ortho_norm,residual_norm
0,2538.870110678549,1430.158385127779,702.5077253149991,1593.3832278138705
10,403.6303317761862,206.42218179062982,600.849577382711,635.3190787125681
20,329.3595437816748,92.53994759420094,566.3884725883263,573.8985483355702
30,321.51473130979605,125.09563014883797,553.0513670785574,567.0226902953673
40,305.5148282281416,101.99938820667478,543.2411555042619,552.733957911165
50,305.3015560606773,105.19125664616766,542.4355773600008,552.5409994386637
60,298.4931220783091,79.76370197615213,540.491326410858,546.3452407391403
70,296.6880104145602,68.45619634127931,540.3718715820102,544.6907475022504
80,294.4511881596,60.2539723523744,539.2778940169524,542.6335671146783
90,303.2443318811542,114.71365362837253,538.5954971519759,550.6762496069304
100,294.82281650325064,85.32684876984132,536.2295640695869,542.9758894308758
110,295.96708996060363,87.589283729817,536.931287350906,544.0285745809715
120,289.7105195394191,72.5660194499463,533.3335657546871,538.2476377462507
130,290.682671349365,86.24888805882122,532.2065394731467,539.1499525636306
140,289.17379806112757,80.25439836763469,531.7264612597124,537.7488243233337
150,295.13871028611675,119.78365149002293,529.8967702504267,543.266702721708
160,285.2828446272957,74.90172969139707,528.8407846569065,534.1187551727571
170,287.1556092661958,83.73773793970602,529.2859345485547,535.8690224916867
180,283.95969541837553,73.66575746941558,527.7623059624784,532.8786873373484
190,287.990997634591,81.1259160701769,530.4805212035268,536.6479270756489
200,286.78431346752313,85.12867968224023,528.7129858090133,535.5224677523092
210,286.43941495683003,84.56923556826209,528.4765456973752,535.2003502958776
220,283.72166926493253,75.04073264642885,527.3429223084536,532.6553006071867
230,281.52539008558375,77.94792814648802,524.8328406104687,530.5896626260105
240,282.1662225107579,79.32634587901879,525.2366641431653,531.1932063861113
250,277.6663357164132,53.35353223267165,524.2325212295689,526.9405428664729
260,277.98606347148933,67.85061029188695,522.8597882362994,527.2438368264625
270,278.65504889151526,70.5539621640241,523.1416512900428,527.8778730838367
280,281.58165339953933,94.83852770426824,522.0989437476636,530.6426795872524
290,278.78683805508956,78.86343164290734,522.0798762685591,528.0026875453283
300,278.81417063596547,86.66954835489159,520.8671231935499,528.0285699050436
