timestep,mse,res_ones_norm,res_ortho_norm,residual_norm
0,10.006756941337535,34.74718927771709,3.6684034867611808,34.94029689117108
10,1.5692641288744043,13.256937112639125,3.962807352648982,13.836553896208308
20,0.26038472483782676,3.5358548854193583,4.389153296419587,5.636216499586834
30,0.17724957502352484,1.3261233328624453,4.4571117395582345,4.650209474085015
40,0.16715223475185229,0.7511424287206414,4.452904410775245,4.5158136187984965
50,0.1624901880264909,0.13276283797786625,4.450413123304841,4.4523929452859266
60,0.16175321224477499,0.21191158978361826,4.437227216627286,4.442284535445984
70,0.16416194473622026,0.6660703877065212,4.425393484927566,4.4752382347556505
80,0.16007293336967074,0.5648853874261593,4.38289885465912,4.419151261396223
90,0.15577164595099163,0.3368266265588901,4.346341982594321,4.359373900690439
100,0.15529848248496977,0.3875988453373534,4.335456377160248,4.352747966878661
110,0.1640833891618084,1.0230153655819327,4.355641518711553,4.474167350216197
120,0.1501083858359867,0.2086160755861006,4.2743072426999715,4.279395175955403
130,0.1501634860682326,0.3475110466634612,4.266049855870327,4.2801805219318005
140,0.14653091177836153,0.07042635296235916,4.227506518713901,4.22809309700722
150,0.14556478797329866,0.04690922829698984,4.2138703892078855,4.214131480239129
160,0.14467913171886654,0.04824868991753626,4.201014893287449,4.201291952447689
170,0.14487212476331068,0.2341038609730888,4.1975700832030665,4.204093150861896
180,0.14188906431850168,0.06625345934708342,4.160057250325018,4.160584796258479
190,0.14496514567703073,0.510306270669613,4.174366452854016,4.205442636940581
200,0.1436733596919518,0.5209911204038421,4.15412062112771,4.186663335213153
210,0.14611198099799078,0.7438913366141904,4.155994148343478,4.222044727588147
220,0.13991598885260592,0.3704818393988315,4.114911159028051,4.13155547463881
230,0.13840434079526304,0.2501960887195335,4.101552327376982,4.109176265022236
240,0.14184139504525656,0.6015025770879199,4.116168709525629,4.15988583924142
250,0.13752211919045296,0.30905936025021297,4.084382554692568,4.096058903535844
260,0.1386334846549889,0.47665147304413347,4.084860891285468,4.11257645860945
270,0.13451349024949313,0.10283413077596006,4.049700106425871,4.051005530783457
280,0.13923595848967601,0.6141705677249477,4.075485425011466,4.12150299475088
290,0.13409929814183616,0.20870582437687477,4.039375725551558,4.044763821696393
300,0.13683907873715256,0.506155776378247,4.054401797549367,4.085874154441448
