timestep,mse,res_ones_norm,res_ortho_norm,residual_norm
0,1418.8606766434816,1070.784574665903,521.8055876483537,1191.159383392282
10,42.95024843107789,63.892091253502585,197.1498138632953,207.2444171288527
20,30.246231555770944,0.9114322130945381,173.9120491716772,173.91443745638526
30,32.43980329901114,92.64019125213231,154.45905044308506,180.11053078321416
40,23.756574378066478,23.81179128944348,152.28122987963573,154.13167869736085
50,24.554202848105888,6.068952177917345,156.58023715516606,156.69780741320503
60,33.109865946071125,47.97434023635996,175.52301451649325,181.96116603844658
70,37.8334120349272,94.85684226425433,169.8104576007661,194.5081284546412
80,28.109236009363915,57.63727467823919,157.43945051043949,167.65809258536825
90,27.471410238629534,22.465406489973716,164.2154552710243,165.74501572786295
100,29.159007646949416,3.569641118368829,170.7227732589752,170.76008798003537
110,29.532233898267407,25.87893944190274,169.88971243612644,171.84945125972152
120,28.662366784451816,30.202947596224355,166.5837589351121,169.29963610253807
130,29.436820779052024,26.07622004665797,169.5784524258029,171.57161996977246
140,30.271460426021466,43.958141619600966,168.34233636068075,173.98695475816993
150,35.20836474158218,75.81803747787066,171.63912705029225,187.6389211799678
160,27.61615075888812,11.424584331974842,165.78790556530268,166.1810782215837
170,31.38169248834184,21.940280001356292,175.78485885253008,177.14878630219806
180,29.341306167696477,39.958218545049455,166.56724449423587,171.29304179591324
190,24.559870878263492,21.112077624316505,155.2873177585611,156.71589223261148
200,26.601496009968066,12.028579595975224,162.6554926305022,163.09965055133645
210,25.512857050663754,2.721911490620834,159.70425244338668,159.72744614080497
220,34.28034061769538,65.34494275414026,173.2350399721532,185.14950882380265
230,29.043880014859113,23.866559038366933,168.743199491201,170.42265112026368
240,26.108882838250487,4.938010514092451,161.50696235894353,161.58243356952664
250,27.5145040178384,21.078290682592737,164.53026979780506,165.87496501232005
260,26.485762205344066,8.939747486536563,162.49874805739591,162.74446904685905
270,27.827495000450163,61.79174332944339,154.94926736438072,166.81575165568196
280,30.833448007560335,76.13951520805192,158.228386301078,175.59455574578712
290,25.474478050983524,32.190341434289365,156.32741272511166,159.60726189927425
300,23.88459812327719,31.05079367338926,151.3950010255616,154.54642708026992
