timestep,mse,res_ones_norm,res_ortho_norm,residual_norm
0,181.27597011264703,376.4862375585592,198.83179585178803,425.7651584061888
10,21.85995034615345,4.794374046212181,147.77335457943175,147.85110870789387
20,21.62695046188363,87.10510156383098,118.48903638496824,147.06104331835684
30,14.6235427834318,58.66650011481419,105.74395749975653,120.92784122538448
40,9.677932799800722,17.266614781450393,96.8493511273551,98.37648499413221
50,24.746096001888333,119.58102955728829,102.20799074391044,157.30891901570087
60,19.282866328070757,98.1410264024294,98.24054796645024,138.8627607678558
70,19.198603824994336,98.96228011192815,96.97974499885333,138.55902650132302
80,25.6896128226696,127.18330326392835,97.53983900717296,160.27979542871148
90,9.356132144014538,10.367636662581399,96.16987186248734,96.72710139363497
100,10.599763093839716,29.628758067896204,98.59969467089536,102.95515088542057
110,15.860565667791452,79.07030734144556,98.02271249420102,125.93873775686119
120,23.36233847982975,109.22505494685674,106.92158739789588,152.84743530668007
130,11.097131106408371,22.754496459815265,102.85603529821974,105.34292148221621
140,13.685876218734608,55.13887089713974,103.17742551024986,116.98664974574922
150,16.57895923570382,76.20857089286892,103.78445431841122,128.7593073750547
160,21.320714217519345,102.3790462107995,104.11169537802336,146.01614368801603
170,14.20915006271446,55.13192159992584,105.68642904088532,119.20213950560812
180,14.903855886385497,63.55030361746525,104.23634105490022,122.0813494616827
190,10.556308024154779,13.16888075488798,101.89646021240542,102.74389531332156
200,10.014218215738154,5.78760019492664,99.90356299813254,100.07106582693199
210,10.807692975878167,32.02216653151114,98.90537814753218,103.96005471275093
220,10.188630817037469,18.08241103081304,99.30587710881063,100.93874784758066
230,14.876739719328135,68.29396479634106,101.05777600820367,121.97024112187421
240,10.375662006421761,24.199812472714985,98.9445859191254,101.86099354719529
250,10.574379742852262,9.703343356649643,102.37296943312343,102.8318031683402
260,11.10555463459092,36.843812643173656,98.7324065568425,105.38289536063678
270,9.86952651553624,16.6210138828285,97.94523170141088,99.34549066533538
280,20.62397132021804,102.01718384704279,101.07653298435154,143.61048471549017
290,10.524907072317877,22.357668237292298,100.12513042842465,102.59096974060571
300,11.72455087938418,41.63775695166378,99.95422990258268,108.2799652723632
