timestep,mse,res_ones_norm,res_ortho_norm,residual_norm
0,29.68837396936527,60.06455705234702,3.772348123902958,60.182901427752405
10,0.3293916688974883,1.7053089117498716,6.105547077944779,6.339225789123903
20,0.31093072678908995,1.2888151072075764,6.02266587880338,6.159021729809773
30,0.3067880543816175,0.7017177574124118,6.0774776695179575,6.117854414298965
40,0.30213185258288244,1.5184605364601447,5.878295978795625,6.071250778473218
50,0.2888188353065949,0.8456925310669622,5.875432073499117,5.935983314279495
60,0.2847334323418955,0.22506621313514028,5.88955210057745,5.893850926661723
70,0.3014426350623454,2.054153558672564,5.70582637617015,6.064322013020593
80,0.2784692630188987,0.6083425862980828,5.796824077544685,5.82865765749762
90,0.2813600636313449,1.2661855181103008,5.720376036306689,5.8588333107389285
100,0.27351750682174475,0.7124548410391383,5.732498925576241,5.776602447135588
110,0.26988911815233285,0.48943740890534665,5.717247890143353,5.738159322865182
120,0.27260941896373103,0.3635003380348755,5.755537908642745,5.7670052118560795
130,0.27688698188949645,1.609393221554656,5.584806643826846,5.812074654589234
140,0.26408982381286333,0.08076892517325453,5.67559995823311,5.676174636598959
150,0.2856253530206323,2.170694879221463,5.48947873753409,5.90307488250972
160,0.26095789169084566,0.7007838845705301,5.598728849784512,5.642416396038418
170,0.2587264503992133,0.5601678382854706,5.59024498046862,5.618240556322239
180,0.25788652209527,0.37116703222539027,5.5968196978116,5.609113628339413
190,0.27407347190193904,1.9837293611422864,5.431554233714193,5.782470369317647
200,0.2649296058193256,1.621431809088392,5.4490706362125705,5.685192337112063
210,0.2532475160567926,0.10265415936702464,5.557486759542782,5.558434757998756
220,0.25329071540262443,1.1078748458917458,5.447392092089619,5.558908820903629
230,0.24887519795490293,0.6276191649446081,5.474382918128069,5.510242658041309
240,0.24917586744153408,0.013420605215883162,5.513553819019345,5.513570152620456
250,0.2493615795291217,0.9962820507178822,5.424899517776363,5.515624416378698
260,0.26665136231229547,1.1273052466444968,5.591122345557092,5.703636226312128
270,0.25183539911045494,1.309038626079903,5.386124447773774,5.542916081944187
280,0.24669555378811034,0.8491895004060678,5.41993863014606,5.48606029516168
290,0.24515365973702236,0.6935904741485224,5.42472844869558,5.468888962843982
300,0.2477178822792673,1.1969445690606377,5.365529362203403,5.497415905502385
