timestep,mse,res_ones_norm,res_ortho_norm,residual_norm
0,0.3196394999926632,16.461587325104926,6.975359684676347,17.8784646989797
10,0.1885592553983867,11.343134848428504,7.73902753637389,13.731688002513991
20,0.12750866541798977,8.184606239380264,7.779517088115913,11.291973495274853
30,0.09203527652818781,6.200676500843345,7.320306514079652,9.593501786531746
40,0.0759458191848297,4.969062341829855,7.159206564126928,8.714689850179965
50,0.06071168800385897,4.058181516215445,6.6515299582356455,7.791770530749668
60,0.050108711969227275,3.339412388960233,6.241557246848431,7.078750735068107
70,0.04361400124552986,2.9522847887826797,5.907454254706698,6.604089736332317
80,0.03902064779286344,2.4680140544361913,5.738427870067626,6.24665092612541
90,0.03547356964763414,2.120694641331485,5.5656287951912535,5.9559692450208415
100,0.032623360732782304,1.8679696508109505,5.397596698201109,5.711686330041444
110,0.03090795054344181,1.6159580472934034,5.319457691610067,5.559491932132091
120,0.029724149396503998,1.4896327858842877,5.2445346370981865,5.451985821377748
130,0.02783917506215354,1.3814475764752177,5.0922271802821495,5.276284209759131
140,0.026560209806958723,1.233620822224148,5.003837474772111,5.153659845872516
150,0.025079512624596564,1.2126532216078838,4.858907777342618,5.007944950236231
160,0.02456605092472969,1.1480344209613333,4.821625026172988,4.956415128369464
170,0.02385946966195498,1.0947076427715356,4.760366040423001,4.88461561046056
180,0.023289450958729797,1.0567685097992163,4.708788726989834,4.825914520454107
190,0.022516477469319056,1.051906623559788,4.627090870582737,4.745153050146966
200,0.022299154034292404,1.0048042109831714,4.6140570577186075,4.7221980087976405
210,0.02191204912936889,0.9700061049374729,4.579425431836719,4.681030776374889
220,0.0218045616762603,0.9632308859310943,4.5691080022963675,4.669535488275071
230,0.0213561974437301,0.950765180115449,4.522415617345463,4.621276603248295
240,0.021098356882553685,0.9221154256990934,4.499784441975134,4.593294774184832
250,0.021138168172866796,0.9237747081412842,4.503865946213906,4.597626362903666
260,0.021019525442000545,0.9425727003063769,4.486767449583016,4.584705600363075
270,0.020735759997138153,1.0382212549609544,4.433718148787253,4.553653477938144
280,0.020173219342687874,0.9741513964838793,4.3845465443323075,4.49146071369748
290,0.01997923901800901,0.9270022211473131,4.3726314617169555,4.46981420396967
300,0.020033359000853585,0.9003091639803404,4.384381645124727,4.475864050756411
