timestep,mse,res_ones_norm,res_ortho_norm,residual_norm
0,555.3678829204965,669.2056029596537,327.9203316171513,745.2300872351415
10,10.72452187309782,3.9446815795465584,103.48411163233612,103.55926744187514
20,7.528766828196969,23.814616394470516,83.43638818993298,86.76846678486932
30,6.8997409589885486,3.7297025525160876,82.98090309136374,83.06467937088874
40,6.194741418006881,8.482188748456313,78.24828363639962,78.70667962763314
50,6.274729285287586,2.587277601781682,79.17092446030242,79.2131888342313
60,5.439849732955286,9.718446395024321,73.11225295818977,73.75533697947075
70,5.613615060905581,5.4086617200244556,74.72858515523978,74.92406196213324
80,5.407629588617245,1.8834264027988485,73.51246352559873,73.53658673488486
90,5.802001503148906,7.0961933760432565,75.83960405170049,76.17087043712253
100,5.217661225410461,2.438817270076073,72.19219760980849,72.2333802712462
110,4.914664342165643,15.804035426624484,68.30004982721198,70.10466704981661
120,5.120370561688553,0.7431151536448646,71.55290589177336,71.55676461166026
130,4.956656281243263,4.239114021061564,70.27578668047553,70.4035246365071
140,4.593304294045362,1.2240357288675627,67.7628661626692,67.77392045651013
150,4.504350798405245,0.9447632012312276,67.10781043141584,67.11446042698432
160,4.412868662810329,0.2817217668122306,66.42882879937319,66.42942618155247
170,4.478891907824379,10.198890830596635,66.14283433335733,66.92452396412229
180,4.312503547835975,3.6236903294156098,65.56959978703907,65.66965469557438
190,4.188697698699449,14.067688061519888,63.17276194138753,64.72014909361263
200,4.191821280311358,16.520071631800004,62.60118619955661,64.74427604283918
210,4.124733180919544,7.9874530182007515,63.72545625730411,64.22408567601055
220,4.134092331160198,10.42984565560229,63.445335925980494,64.29690763295072
230,4.067698113520661,16.175387051458063,61.69323275089565,63.77850824157509
240,4.415385608814668,26.83565082928896,60.788431904295315,66.44836799210849
250,4.090228957469173,5.4478862697580785,63.72244104443078,63.95489783800122
260,3.7217173090871665,7.533362924435467,60.538960613277034,61.00587929935251
270,4.215931665447858,4.102292120293947,64.80048506614462,64.93020610969796
280,3.7864654006651874,7.1362164381232835,61.11906262053963,61.534262006342345
290,3.7538546275776925,1.9168163211849265,61.238716860892254,61.26870838835835
300,3.6156262353890822,9.405433697733029,59.389932247365216,60.130077626667685
