timestep,mse,res_ones_norm,res_ortho_norm,residual_norm
0,1067.6609331278266,926.6129015543215,457.21927321681034,1033.2767940527003
10,125.19603414677516,293.02239101070427,198.32779057193457,353.8305161327597
20,48.72219262644745,131.7998355965407,177.0621245867458,220.73104137489918
30,33.1839449898395,78.9716624341724,164.15669807297735,182.1646095975821
40,25.915017947714276,50.042866181601454,153.0056518303968,160.98142112589971
50,21.449344196282667,32.69054254603323,142.76089318972706,146.45594626467943
60,18.879362582654974,11.861911807855252,136.88921663490382,137.4021927869238
70,17.708094866021124,4.295700948030249,133.00241283294906,133.07176584843654
80,16.48025935709493,11.143203341356662,127.89092374515128,128.3754624416011
90,16.179560899007516,3.9987716743858432,127.13603235945207,127.19890290017251
100,15.696103006717571,5.043479851141161,125.18253199911202,125.28408920017566
110,16.124848051680853,5.442493748296499,126.86696699094135,126.98365269467111
120,15.418483857451891,2.403994018666068,124.14791448191994,124.17118771056307
130,15.981924609404976,11.612971758361837,125.88512023406287,126.41963696121333
140,16.730163911332525,13.837780889767192,128.60279830306695,129.34513485760695
150,16.416573487157155,15.343344886418578,127.20516992187687,128.1271770045573
160,15.852293830849387,13.803767176937086,125.14691303653599,125.90589275665134
170,15.621121413189073,10.437340892297247,124.54791579262599,124.9844846898569
180,15.495106412492046,12.694118212942042,123.83039116181415,124.47934130807427
190,15.281697412460955,14.006514615231312,122.82310434439552,123.61916280440082
200,15.10889438329672,7.949060438231266,122.66094252632361,122.91824267901295
210,15.546242898297438,14.91521610730241,123.7892532765664,124.68457361797985
220,16.40812593318102,23.467758491372077,125.92613011036133,128.0942072584901
230,15.766687098538398,9.878418377392594,125.17629148085346,125.56546937171221
240,15.056339796295395,2.477129651565735,122.67927137452655,122.70427782394302
250,16.201387965455407,16.266780144919615,126.24095939580093,127.28467294004965
260,15.763397019874562,12.046898324559677,124.97307414252192,125.55236763946175
270,15.522830480857392,9.111958356356208,124.2570026025472,124.59065165917302
280,15.989691411682196,20.19474383701771,124.82733568028851,126.45035156804506
290,15.590744387316956,13.017161502614814,124.18251847072437,124.86290236622307
300,15.561456863944077,15.163611896266916,123.82052228206545,124.74556851425255
