timestep,mse,res_ones_norm,res_ortho_norm,residual_norm
0,41.814837879074815,19.1683556572488,9.619633988205635,21.446753056577656
10,9.164085824491282,3.046915772400305,9.566673839182684,10.040166535939735
20,7.003991340457583,2.662994421485173,8.363753072405489,8.777465735907684
30,8.148457465041712,1.9505528983454896,9.264360501740788,9.467472319233831
40,7.381146643556286,2.0224733599400606,8.78078667247143,9.01069437275059
50,8.04810418006156,1.7822521697751263,9.238653753876102,9.40899282498808
60,8.12696030081585,1.759826732368847,9.289756357462469,9.454975584789965
70,7.616413374207215,0.7696068763644927,9.12075941860829,9.153171423953523
80,7.11405364463008,0.8930068318662345,8.800973178528105,8.846162449951441
90,7.5174113782326915,1.0805519488227124,9.029060452032374,9.093488063474851
100,7.142839628431801,0.441230868609164,8.853053215322735,8.864041736857391
110,8.152574140006337,1.5533094209886373,9.341602934332931,9.469863543899125
120,7.7009162822563795,1.0926150588606092,9.138723731351725,9.203807858969034
130,8.751158405928743,0.8767565917790805,9.772105215560671,9.811357829842725
140,8.24800368382439,1.2101759420945748,9.447937061139,9.525126798214725
150,7.2667175005890785,0.9690768215695046,8.887900911935091,8.94057562500759
160,7.4505099848947784,1.3520909266121879,8.95139430256625,9.052933769438644
170,8.411136984739802,1.4834608454649898,9.503780866166377,9.618862034156527
180,7.537845467957646,1.7077588179052698,8.944264081935465,9.105838794286559
190,7.974992132542221,0.2948701328119901,9.361515105085282,9.366157881328098
200,8.102390075369083,0.17785377140611341,9.438996708605027,9.440672159812559
210,9.465465314411757,2.729546878741686,9.83207466892318,10.203926619617045
220,8.11112947136199,0.8711047626718266,9.405509059983533,9.445762234196977
230,9.471569885282348,1.9503097123659483,10.019159683524206,10.207216502950539
240,7.7974448816254744,0.28987997774878266,9.256773914079385,9.261311661847916
250,7.180246251723369,0.0286332614773772,8.887175530239864,8.887221656342158
260,9.185272290839704,1.7967191498498802,9.889883492529094,10.051765775187798
270,7.913309432498615,1.2561037264072168,9.244923319638225,9.329866223986535
280,8.606519131561603,2.228246503849755,9.471358295685947,9.72993887170817
290,8.466394371763972,2.3027486827334824,9.37164268384006,9.650406110076595
300,7.780611605091893,0.8055685459767737,9.216169864631603,9.251309510334783
