timestep,mse,res_ones_norm,res_ortho_norm,residual_norm
0,163.67935727745518,41.1456490349636,10.368630360062362,42.43198003925821
10,32.456293484032905,17.109247801687367,8.01828335648086,18.894952456260956
20,10.497062224934927,8.256913832828015,6.87684945534927,10.745589070604003
30,6.081266644529901,5.144677855483143,6.358161908376529,8.178871137866699
40,3.2072487783032173,2.9087677492898396,5.178687743244104,5.939674785822485
50,2.004233455268073,1.597418889312661,4.415293976624422,4.695377301979981
60,1.5245622696669217,1.3939350663782777,3.8506012513706382,4.095141629582075
70,1.168627472698022,1.0450045180011338,3.429703741875595,3.585373369633662
80,1.1135356596406232,0.7820921862572456,3.4113375775848125,3.4998417472861334
90,0.8369725021721641,0.11739949521670874,3.0319820056221753,3.0342540308770793
100,0.9350978539673249,0.369319228492326,3.185856195923854,3.2071913559437912
110,1.0317012688716767,0.9058653782834816,3.2447067469982196,3.3687852347082683
120,0.8244516065280604,0.06650312571023528,3.0107382825611784,3.011472674923129
130,1.3933665434397744,1.3739334240295764,3.6659703932481347,3.9149753483052123
140,1.1923498584979393,1.3242930726005633,3.370770876422705,3.621580931510068
150,0.8938098801934053,0.8462358039858268,3.019237262319727,3.1355874540710005
160,0.7723948170261511,0.09168551511212596,2.9134063831889785,2.9148487074439493
170,0.6378542972033732,0.2758600964925383,2.6344446239008765,2.6488482910950384
180,0.5214783916164527,0.09545157447480568,2.3931467369785873,2.3950495418218347
190,0.757350870784596,0.17441220652600808,2.8810484134851473,2.886322847262682
200,0.7305540575882531,0.23625649545291857,2.824938495229071,2.83480063381374
210,1.4366557352401708,0.7905641639979969,3.895923688965689,3.975325532285611
220,1.3151410954642553,0.5177265312356849,3.768091199660841,3.8034920862421693
230,0.9971790391661861,0.44707774629947017,3.281629308680649,3.3119434522388884
240,0.8914790502056203,0.526208389240387,3.086968461671558,3.131496375897923
250,0.789091325999173,0.004961924838904988,2.946180572417922,2.946184750824514
260,1.0481582935528597,0.5720768416958837,3.3470090104863357,3.3955472650342324
270,0.8502935986908382,0.35032807064206783,3.038173765359616,3.058305018404675
280,1.3844500128805655,0.7861470524524055,3.822423701476148,3.902428749085141
290,1.3080734620033507,0.5034837900797487,3.759695753004994,3.7932582408843265
300,1.4289226597472557,1.0045537466960486,3.8352341554615337,3.9646121193907247
