timestep,mse,res_ones_norm,res_ortho_norm,residual_norm
0,87.84314589654015,261.30519660486493,139.86686571105065,296.3834440324563
10,13.941549981001385,55.99022044366414,103.95501525020943,118.07434090860463
20,12.165954564309862,43.97304114430651,101.15496140492068,110.29938605590633
30,11.123835876410366,35.67009553564945,99.2546228691037,105.46959692921163
40,10.736980737983883,35.63729996175357,97.29832264443144,103.6194032890746
50,10.356672204149286,34.130984046840254,95.8736049814735,101.76773655805304
60,9.936244002567454,29.283385613590095,95.28235581456433,99.68071028322106
70,9.792178973799011,31.471267315318965,93.81757994835907,98.95543933407103
80,9.593434135651394,30.27395662283607,93.1499956309716,97.94607769406284
90,9.397634403849919,27.86783927613082,92.84943692844702,96.94139675004647
100,9.272309790905357,27.443598025645016,92.29928882885378,96.29283353866661
110,9.106967063185508,25.62800829257483,91.9248184884867,95.43043048831703
120,8.947489083381358,25.230177525983986,91.16428700641873,94.59116810454006
130,8.822201425127242,24.899881285307185,90.56598333317457,93.92657464811138
140,8.606817819928203,22.615467794895274,89.97420984007728,92.77293689394662
150,8.470975654415561,20.94586477935021,89.62280068744079,92.03790335734273
160,8.31169774615193,21.563876109751387,88.58158382686112,91.16851290962208
170,8.165846982413639,19.25273485676775,88.29031194275304,90.3650761213293
180,8.057153677184429,18.423015119290067,87.85070398749708,89.76164925615187
190,7.993338703180966,19.836436214144555,87.1771443757086,89.4054735638762
200,7.930546728667313,20.83562963742533,86.58188763407362,89.05361715656088
210,7.778828390195907,19.18208928228455,86.08644400230718,88.19766658022142
220,7.687752802616487,18.426162854468124,85.72181358952402,87.67983121913777
230,7.657832061221952,18.713787302857344,85.48465491540202,87.50903988287125
240,7.534048706945789,17.73424376240407,84.96790750113495,86.7988980744905
250,7.449534286225262,17.0577154231563,84.60832483135377,86.31068465853612
260,7.399592650702476,18.274527863240046,84.0573273550744,86.02088496814292
270,7.329607105672776,17.267281752544328,83.85373030790595,85.61312461108271
280,7.300307448945857,16.393777238858945,83.85434703572933,85.44183664309807
290,7.283432454669742,14.766927723956389,84.05575709173756,85.34302815502706
300,7.175064627643503,16.743620565943257,83.0344253787983,84.70575321454561
