timestep,mse,res_ones_norm,res_ortho_norm,residual_norm
0,95.74282566859843,30.802787131033355,10.215644243748342,32.45259746699149
10,4.754224612550957,0.7320420695426842,7.194482965889918,7.231629881158225
20,2.0836714799665836,1.7013416101627483,4.475022123427016,4.787524023922221
30,1.1655674658155775,0.4723207618358642,3.5493880066724377,3.5806762104344694
40,0.9964520715231046,0.24378605630538774,3.3017481953512475,3.3107359886819956
50,1.0076454824103391,0.023799698156329985,3.329194178908974,3.3292792473016934
60,0.8645616730094715,0.32694129849306536,3.0664780759763883,3.0838577144713057
70,0.7555888512506173,0.11640774411491554,2.880612192029129,2.8829632955965274
80,1.240567277268528,2.5731856332321588,2.650463307967386,3.6940817600526663
90,0.5992910650479604,0.30230026131160936,2.5496698350057985,2.5675283280866763
100,0.7647849612931463,1.1278946934155578,2.672169181543271,2.900454201366505
110,0.7444184952835265,0.1036222792021954,2.8596968145892205,2.8615735964882667
120,0.6756925447460731,0.9101525341511161,2.569871661539756,2.7262828158881103
130,0.7403330136384263,0.7379019616615032,2.7566580935978973,2.8537104180387134
140,0.7136592982538527,0.9313612389721848,2.642502322294642,2.8018301663006593
150,0.7207576875194606,0.9610429524270027,2.6466452362008126,2.815729845477734
160,1.5842281563199783,3.1422633275326732,2.7482159485679163,4.174507122945146
170,1.032876885621512,1.30248137771329,3.108888547784678,3.3707040424570995
180,0.5503390893110559,0.7078477316512519,2.3564128609430464,2.460432885169115
190,0.6001761169430534,1.0393770147006562,2.3498154624747745,2.5694235319179253
200,0.9401457969372653,1.7005087957597698,2.7294456583441216,3.2158364022925543
210,0.5760899714702947,0.859862937480691,2.3659301373709916,2.5173378172532273
220,0.7379619873127409,1.3043302712918725,2.533042519151982,2.849137037848504
230,0.8080630443298084,0.8314509638588343,2.863107190156545,2.9813912000319402
240,0.788709837035457,1.1916373460147722,2.6936608255259045,2.9454724930628746
250,0.6964417057276671,0.4269044415254506,2.7347049860652572,2.767825638114572
260,0.6898553716767111,0.2892177079384199,2.739482105409464,2.754706715504179
270,0.5614966720110107,0.6919067768797924,2.3869914964718526,2.4852491609738285
280,1.0181056680880338,1.6672039398953578,2.9016535581915646,3.3465149557365454
290,0.7176620446431303,0.990023902180135,2.6294743132775515,2.809676581223261
300,0.7567208306795697,0.9129450270427827,2.7368705696603772,2.8851220316435953
